1	ну	ну	PART	_	_	_	_	_	@pp1990m-words#@pp1990m#1.07#1.442
2	для	для	ADP	_	_	_	_	_	@pp1990m-words#@pp1990m#1.442#1.814
3	того	то	PRON	_	Animacy=Inan|Case=Gen|Gender=Neut|Number=Sing	_	_	_	@pp1990m-words#@pp1990m#1.814#2.186
4	чтоб	чтобы	SCONJ	_	Mood=Cnd	_	_	_	@pp1990m-words#@pp1990m#2.186#2.558
5	было	быть	AUX	_	Aspect=Imp|Gender=Neut|Mood=Ind|Number=Sing|Tense=Past|VerbForm=Fin|Voice=Act	_	_	_	@pp1990m-words#@pp1990m#2.558#2.93
6	с	с	ADP	_	_	_	_	_	@pp1990m-words#@pp1990m#2.93#3.302
7	ней	она	PRON	_	Case=Ins|Gender=Fem|Number=Sing|Person=3	_	_	_	@pp1990m-words#@pp1990m#3.302#3.674
8	комфортно	комфортно	ADV	_	Degree=Pos	_	_	_	@pp1990m-words#@pp1990m#3.674#4.052
9	существовать	существовать	VERB	_	Aspect=Imp|VerbForm=Inf|Voice=Act	_	_	_	@pp1990m-words#@pp1990m#4.116#4.483
10	жить	жить	VERB	_	Aspect=Imp|VerbForm=Inf|Voice=Act	_	_	_	@pp1990m-words#@pp1990m#4.483#4.85
11	на	на	ADP	_	_	_	_	_	@pp1990m-words#@pp1990m#4.85#5.217
12	одной	один	PRON	_	Case=Loc|Gender=Fem	_	_	_	@pp1990m-words#@pp1990m#5.217#5.584
13	территории	территория	NOUN	_	Animacy=Inan|Case=Loc|Gender=Fem|Number=Sing	_	_	_	@pp1990m-words#@pp1990m#5.584#5.951
14	в	в	ADP	_	_	_	_	_	@pp1990m-words#@pp1990m#5.951#6.318
15	одной	один	PRON	_	Case=Loc|Gender=Fem	_	_	_	@pp1990m-words#@pp1990m#6.318#6.685
16	квартире	квартира	NOUN	_	Animacy=Inan|Case=Loc|Gender=Fem|Number=Sing	_	_	_	@pp1990m-words#@pp1990m#6.685#7.052
17	в	в	ADP	_	_	_	_	_	@pp1990m-words#@pp1990m#7.052#7.419
18	одном	один	PRON	_	Case=Loc|Gender=Masc	_	_	_	@pp1990m-words#@pp1990m#7.419#7.786
19	доме	дом	NOUN	_	Animacy=Inan|Case=Loc|Gender=Masc|Number=Sing	_	_	_	@pp1990m-words#@pp1990m#7.786#8.153
20	и	и	CCONJ	_	_	_	_	_	@pp1990m-words#@pp1990m#8.153#8.52
21	так	так	ADV	_	Degree=Pos	_	_	_	@pp1990m-words#@pp1990m#8.52#8.887
22	далее	далее	ADV	_	Degree=Pos	_	_	_	@pp1990m-words#@pp1990m#8.887#9.254
23	для	для	ADP	_	_	_	_	_	@pp1990m-words#@pp1990m#9.254#9.621
24	того	то	PRON	_	Animacy=Inan|Case=Gen|Gender=Neut|Number=Sing	_	_	_	@pp1990m-words#@pp1990m#9.621#9.988
25	чтобы	чтобы	SCONJ	_	Mood=Cnd	_	_	_	@pp1990m-words#@pp1990m#9.988#10.355
26	было	быть	AUX	_	Aspect=Imp|Gender=Neut|Mood=Ind|Number=Sing|Tense=Past|VerbForm=Fin|Voice=Act	_	_	_	@pp1990m-words#@pp1990m#10.355#10.722
27	возможность	возможность	NOUN	_	Animacy=Inan|Case=Nom|Gender=Fem|Number=Sing	_	_	_	@pp1990m-words#@pp1990m#10.722#11.089
28	управлять	управлять	VERB	_	Aspect=Imp|VerbForm=Inf|Voice=Act	_	_	_	@pp1990m-words#@pp1990m#11.089#11.456
29	собакой	собака	NOUN	_	Animacy=Anim|Case=Ins|Gender=Fem|Number=Sing	_	_	_	@pp1990m-words#@pp1990m#11.456#11.823
30	и	и	CCONJ	_	_	_	_	_	@pp1990m-words#@pp1990m#11.823#12.19
31	было	быть	VERB	_	Aspect=Imp|Gender=Neut|Mood=Ind|Number=Sing|Tense=Past|VerbForm=Fin|Voice=Act	_	_	_	@pp1990m-words#@pp1990m#12.19#12.557
32	некое	некий	DET	_	Case=Nom|Gender=Neut|Number=Sing	_	_	_	@pp1990m-words#@pp1990m#12.557#12.924
33	взаимопонимание	взаимопонимание	NOUN	_	Animacy=Inan|Case=Nom|Gender=Neut|Number=Sing	_	_	_	@pp1990m-words#@pp1990m#12.924#13.291
34	да	да	PART	_	_	_	_	_	@pp1990m-words#@pp1990m#13.291#13.658
35	потому	потому	ADV	_	Degree=Pos	_	_	_	@pp1990m-words#@pp1990m#13.658#14.025
36	что	что	SCONJ	_	_	_	_	_	@pp1990m-words#@pp1990m#14.025#14.4
37	очень	очень	ADV	_	Degree=Pos	_	_	_	@pp1990m-words#@pp1990m#15.006#15.601
38	часто	часто	ADV	_	Degree=Pos	_	_	_	@pp1990m-words#@pp1990m#15.601#16.196
39	ээ	ээ	INTJ	_	_	_	_	_	@pp1990m-words#@pp1990m#16.39#16.75
40	у	у	ADP	_	_	_	_	_	@pp1990m-words#@pp1990m#16.75#17.11
41	владельцев	владелец	NOUN	_	Animacy=Anim|Case=Gen|Gender=Masc|Number=Plur	_	_	_	@pp1990m-words#@pp1990m#17.11#17.47
42	собак	собака	NOUN	_	Animacy=Anim|Case=Gen|Gender=Fem|Number=Plur	_	_	_	@pp1990m-words#@pp1990m#17.47#17.83
43	вызывают	вызывать	VERB	_	Aspect=Imp|Mood=Ind|Number=Plur|Person=3|Tense=Pres|VerbForm=Fin|Voice=Act	_	_	_	@pp1990m-words#@pp1990m#17.83#18.19
44	собаки	собака	NOUN	_	Animacy=Anim|Case=Nom|Gender=Fem|Number=Plur	_	_	_	@pp1990m-words#@pp1990m#18.19#18.55
45	негативные	негативный	ADJ	_	Case=Nom|Degree=Pos|Number=Plur	_	_	_	@pp1990m-words#@pp1990m#18.55#18.91
46	эмоции	эмоция	NOUN	_	Animacy=Inan|Case=Acc|Gender=Fem|Number=Plur	_	_	_	@pp1990m-words#@pp1990m#18.91#19.27
47	из-за	из-за	ADP	_	_	_	_	_	@pp1990m-words#@pp1990m#19.27#19.63
48	того	то	PRON	_	Animacy=Inan|Case=Gen|Gender=Neut|Number=Sing	_	_	_	@pp1990m-words#@pp1990m#19.63#19.99
49	что	что	SCONJ	_	_	_	_	_	@pp1990m-words#@pp1990m#19.99#20.35
50	они	они	PRON	_	Case=Nom|Number=Plur|Person=3	_	_	_	@pp1990m-words#@pp1990m#20.35#20.71
51	просто	просто	PART	_	_	_	_	_	@pp1990m-words#@pp1990m#20.71#21.07
52	элементарно	элементарно	ADV	_	Degree=Pos	_	_	_	@pp1990m-words#@pp1990m#21.07#21.43
53	не	не	PART	_	_	_	_	_	@pp1990m-words#@pp1990m#21.43#21.79
54	слушаются	слушаться	VERB	_	Aspect=Imp|Mood=Ind|Number=Plur|Person=3|Tense=Pres|VerbForm=Fin|Voice=Act	_	_	_	@pp1990m-words#@pp1990m#21.79#22.15
55	да	да	PART	_	_	_	_	_	@pp1990m-words#@pp1990m#22.15#22.51
56	то	то	PRON	_	Animacy=Inan|Case=Nom|Gender=Neut|Number=Sing	_	_	_	@pp1990m-words#@pp1990m#22.51#22.87
57	есть	быть	VERB	_	Aspect=Imp|Mood=Ind|Number=Sing|Person=3|Tense=Pres|VerbForm=Fin|Voice=Act	_	_	_	@pp1990m-words#@pp1990m#22.87#23.23
58	мы	мы	PRON	_	Case=Nom|Number=Plur|Person=1	_	_	_	@pp1990m-words#@pp1990m#23.23#23.59
59	по	по	ADP	_	_	_	_	_	@pp1990m-words#@pp1990m#23.775#24.078
60	привычке	привычка	NOUN	_	Animacy=Inan|Case=Dat|Gender=Fem|Number=Sing	_	_	_	@pp1990m-words#@pp1990m#24.078#24.381
61	с	с	ADP	_	_	_	_	_	@pp1990m-words#@pp1990m#24.381#24.684
62	собаками	собака	NOUN	_	Animacy=Anim|Case=Ins|Gender=Fem|Number=Plur	_	_	_	@pp1990m-words#@pp1990m#24.684#24.987
63	разговариваем	разговаривать	VERB	_	Aspect=Imp|Mood=Ind|Number=Plur|Person=1|Tense=Pres|VerbForm=Fin|Voice=Act	_	_	_	@pp1990m-words#@pp1990m#24.987#25.29
64	как	как	SCONJ	_	_	_	_	_	@pp1990m-words#@pp1990m#25.29#25.593
65	с	с	ADP	_	_	_	_	_	@pp1990m-words#@pp1990m#25.593#25.896
66	людьми	человек	NOUN	_	Animacy=Anim|Case=Ins|Gender=Masc|Number=Plur	_	_	_	@pp1990m-words#@pp1990m#25.896#26.199
67	да	да	CCONJ	_	_	_	_	_	@pp1990m-words#@pp1990m#26.199#26.505
68	нам	мы	PRON	_	Case=Dat|Number=Plur|Person=1	_	_	_	@pp1990m-words#@pp1990m#26.61#26.875
69	почему-то	почему-то	ADV	_	Degree=Pos	_	_	_	@pp1990m-words#@pp1990m#26.875#27.14
70	кажется	казаться	VERB	_	Aspect=Imp|Mood=Ind|Number=Sing|Person=3|Tense=Pres|VerbForm=Fin|Voice=Mid	_	_	_	@pp1990m-words#@pp1990m#27.14#27.405
71	что	что	SCONJ	_	_	_	_	_	@pp1990m-words#@pp1990m#27.405#27.67
72	они	они	PRON	_	Case=Nom|Number=Plur|Person=3	_	_	_	@pp1990m-words#@pp1990m#27.67#27.935
73	должны	должный	ADJ	_	Degree=Pos|Number=Plur|Variant=Short	_	_	_	@pp1990m-words#@pp1990m#27.935#28.2
74	нас	мы	PRON	_	Case=Acc|Number=Plur|Person=1	_	_	_	@pp1990m-words#@pp1990m#28.2#28.465
75	понимать	понимать	VERB	_	Aspect=Imp|VerbForm=Inf|Voice=Act	_	_	_	@pp1990m-words#@pp1990m#28.465#28.73
76	да	да	CCONJ	_	_	_	_	_	@pp1990m-words#@pp1990m#28.73#28.995
77	вот	вот	PART	_	_	_	_	_	@pp1990m-words#@pp1990m#28.995#29.26
78	даже	даже	PART	_	_	_	_	_	@pp1990m-words#@pp1990m#29.26#29.525
79	меня	я	PRON	_	Case=Acc|Number=Sing|Person=1	_	_	_	@pp1990m-words#@pp1990m#29.525#29.79
80	поймут	понять	VERB	_	Aspect=Perf|Mood=Ind|Number=Plur|Person=3|Tense=Fut|VerbForm=Fin|Voice=Act	_	_	_	@pp1990m-words#@pp1990m#29.79#30.055
81	люди	человек	NOUN	_	Animacy=Anim|Case=Nom|Gender=Masc|Number=Plur	_	_	_	@pp1990m-words#@pp1990m#30.055#30.32
82	у	у	ADP	_	_	_	_	_	@pp1990m-words#@pp1990m#30.32#30.585
83	кого	кто	PRON	_	Case=Gen	_	_	_	@pp1990m-words#@pp1990m#30.585#30.85
84	есть	быть	VERB	_	Aspect=Imp|Mood=Ind|Number=Plur|Person=3|Tense=Pres|VerbForm=Fin|Voice=Act	_	_	_	@pp1990m-words#@pp1990m#30.85#31.115
85	маленькие	маленький	ADJ	_	Case=Nom|Degree=Pos|Number=Plur	_	_	_	@pp1990m-words#@pp1990m#31.115#31.38
86	дети	ребенок	NOUN	_	Animacy=Anim|Case=Nom|Gender=Masc|Number=Plur	_	_	_	@pp1990m-words#@pp1990m#31.38#31.65
87	мы	мы	PRON	_	Case=Nom|Number=Plur|Person=1	_	_	_	@pp1990m-words#@pp1990m#31.815#32.18
88	когда	когда	SCONJ	_	_	_	_	_	@pp1990m-words#@pp1990m#32.41#32.685
89	вот	вот	PART	_	_	_	_	_	@pp1990m-words#@pp1990m#32.685#32.96
90	он	он	PRON	_	Case=Nom|Gender=Masc|Number=Sing|Person=3	_	_	_	@pp1990m-words#@pp1990m#32.96#33.235
91	немного	немного	ADV	_	Degree=Pos	_	_	_	@pp1990m-words#@pp1990m#33.235#33.51
92	подрастает	подрастать	VERB	_	Aspect=Imp|Mood=Ind|Number=Sing|Person=3|Tense=Pres|VerbForm=Fin|Voice=Act	_	_	_	@pp1990m-words#@pp1990m#33.51#33.785
93	мы	мы	PRON	_	Case=Nom|Number=Plur|Person=1	_	_	_	@pp1990m-words#@pp1990m#33.785#34.06
94	к	к	ADP	_	_	_	_	_	@pp1990m-words#@pp1990m#34.06#34.335
95	нему	он	PRON	_	Case=Dat|Gender=Masc|Number=Sing|Person=3	_	_	_	@pp1990m-words#@pp1990m#34.335#34.61
96	тоже	тоже	PART	_	_	_	_	_	@pp1990m-words#@pp1990m#34.61#34.885
97	так	так	ADV	_	Degree=Pos	_	_	_	@pp1990m-words#@pp1990m#34.885#35.16
98	обращаемся	обращаться	VERB	_	Aspect=Perf|Mood=Ind|Number=Plur|Person=1|Tense=Pres|VerbForm=Fin|Voice=Mid	_	_	_	@pp1990m-words#@pp1990m#35.16#35.435
99	как	как	SCONJ	_	_	_	_	_	@pp1990m-words#@pp1990m#35.435#35.71
100	будто	будто	PART	_	_	_	_	_	@pp1990m-words#@pp1990m#35.71#35.985
101	он	он	PRON	_	Case=Nom|Gender=Masc|Number=Sing|Person=3	_	_	_	@pp1990m-words#@pp1990m#35.985#36.26
102	уже	уже	ADV	_	Degree=Pos	_	_	_	@pp1990m-words#@pp1990m#36.26#36.535
103	всё	все	PRON	_	Animacy=Inan|Case=Acc|Gender=Neut|Number=Sing	_	_	_	@pp1990m-words#@pp1990m#36.535#36.81
104	знает	знать	VERB	_	Aspect=Imp|Mood=Ind|Number=Sing|Person=3|Tense=Pres|VerbForm=Fin|Voice=Act	_	_	_	@pp1990m-words#@pp1990m#36.81#37.085
105	и	и	CCONJ	_	_	_	_	_	@pp1990m-words#@pp1990m#37.085#37.36
106	понимает	понимать	VERB	_	Aspect=Imp|Mood=Ind|Number=Sing|Person=3|Tense=Pres|VerbForm=Fin|Voice=Act	_	_	_	@pp1990m-words#@pp1990m#37.36#37.653
107	вот	вот	PART	_	_	_	_	_	@pp1990m-words#@pp1990m#37.82#38.31
108	но	но	CCONJ	_	_	_	_	_	@pp1990m-words#@pp1990m#38.31#38.8
109	э	э	INTJ	_	_	_	_	_	@pp1990m-words#@pp1990m#39.0#39.35
110	когда	когда	SCONJ	_	_	_	_	_	@pp1990m-words#@pp1990m#39.35#39.7
111	никакой	никакой	DET	_	Case=Gen|Gender=Fem|Number=Sing	_	_	_	@pp1990m-words#@pp1990m#39.79#40.105
112	обратной	обратный	ADJ	_	Case=Gen|Degree=Pos|Gender=Fem|Number=Sing	_	_	_	@pp1990m-words#@pp1990m#40.105#40.42
113	реакции	реакция	NOUN	_	Animacy=Inan|Case=Gen|Gender=Fem|Number=Sing	_	_	_	@pp1990m-words#@pp1990m#40.42#40.735
114	мы	мы	PRON	_	Case=Nom|Number=Plur|Person=1	_	_	_	@pp1990m-words#@pp1990m#40.735#41.05
115	не	не	PART	_	_	_	_	_	@pp1990m-words#@pp1990m#41.05#41.365
116	получаем	получать	VERB	_	Aspect=Imp|Mood=Ind|Number=Plur|Person=1|Tense=Pres|VerbForm=Fin|Voice=Act	_	_	_	@pp1990m-words#@pp1990m#41.365#41.68
117	мы	мы	PRON	_	Case=Nom|Number=Plur|Person=1	_	_	_	@pp1990m-words#@pp1990m#41.68#41.995
118	там	там	ADV	_	Degree=Pos	_	_	_	@pp1990m-words#@pp1990m#41.995#42.31
119	говорим	говорить	VERB	_	Aspect=Imp|Mood=Ind|Number=Plur|Person=1|Tense=Pres|VerbForm=Fin|Voice=Act	_	_	_	@pp1990m-words#@pp1990m#42.31#42.625
120	например	например	ADV	_	_	_	_	_	@pp1990m-words#@pp1990m#42.625#42.94
121	собаке	собака	NOUN	_	Animacy=Anim|Case=Dat|Gender=Fem|Number=Sing	_	_	_	@pp1990m-words#@pp1990m#42.94#43.26
122	ну	ну	PART	_	_	_	_	_	@pp1990m-words#@pp1990m#43.37#43.581
123	иди	идти	VERB	_	Aspect=Imp|Mood=Imp|Number=Sing|Person=2|VerbForm=Fin|Voice=Act	_	_	_	@pp1990m-words#@pp1990m#43.581#43.792
124	ко	к	ADP	_	_	_	_	_	@pp1990m-words#@pp1990m#43.792#44.003
125	мне	я	PRON	_	Case=Dat|Number=Sing|Person=1	_	_	_	@pp1990m-words#@pp1990m#44.003#44.214
126	подойди	подойти	VERB	_	Aspect=Perf|Mood=Imp|Number=Sing|Person=2|VerbForm=Fin|Voice=Act	_	_	_	@pp1990m-words#@pp1990m#44.214#44.425
127	ко	к	ADP	_	_	_	_	_	@pp1990m-words#@pp1990m#44.425#44.636
128	мне	я	PRON	_	Case=Dat|Number=Sing|Person=1	_	_	_	@pp1990m-words#@pp1990m#44.636#44.847
129	она	она	PRON	_	Case=Nom|Gender=Fem|Number=Sing|Person=3	_	_	_	@pp1990m-words#@pp1990m#44.847#45.058
130	не	не	PART	_	_	_	_	_	@pp1990m-words#@pp1990m#45.058#45.269
131	подходит	подходить	VERB	_	Aspect=Imp|Mood=Ind|Number=Sing|Person=3|Tense=Pres|VerbForm=Fin|Voice=Act	_	_	_	@pp1990m-words#@pp1990m#45.269#45.48
132	да	да	PART	_	_	_	_	_	@pp1990m-words#@pp1990m#45.48#45.693
133	мы	мы	PRON	_	Case=Nom|Number=Plur|Person=1	_	_	_	@pp1990m-words#@pp1990m#45.885#46.12
134	что	что	PRON	_	Case=Acc	_	_	_	@pp1990m-words#@pp1990m#46.12#46.355
135	делаем	делать	VERB	_	Aspect=Imp|Mood=Ind|Number=Plur|Person=1|Tense=Pres|VerbForm=Fin|Voice=Act	_	_	_	@pp1990m-words#@pp1990m#46.355#46.59
136	мы	мы	PRON	_	Case=Nom|Number=Plur|Person=1	_	_	_	@pp1990m-words#@pp1990m#46.7#47.015
137	повторяем	повторять	VERB	_	Aspect=Imp|Mood=Ind|Number=Plur|Person=1|Tense=Pres|VerbForm=Fin|Voice=Act	_	_	_	@pp1990m-words#@pp1990m#47.015#47.33
138	эту	этот	DET	_	Case=Acc|Gender=Fem|Number=Sing	_	_	_	@pp1990m-words#@pp1990m#47.33#47.645
139	фразу	фраза	NOUN	_	Animacy=Inan|Case=Acc|Gender=Fem|Number=Sing	_	_	_	@pp1990m-words#@pp1990m#47.645#47.96
140	ещё	еще	ADV	_	Degree=Pos	_	_	_	@pp1990m-words#@pp1990m#47.96#48.275
141	раз	раз	NOUN	_	Animacy=Inan|Case=Acc|Gender=Masc|Number=Sing	_	_	_	@pp1990m-words#@pp1990m#48.275#48.59
142	и	и	CCONJ	_	_	_	_	_	@pp1990m-words#@pp1990m#48.84#49.07
143	ещё	еще	ADV	_	Degree=Pos	_	_	_	@pp1990m-words#@pp1990m#49.07#49.3
144	раз	раз	NOUN	_	Animacy=Inan|Case=Acc|Gender=Masc|Number=Sing	_	_	_	@pp1990m-words#@pp1990m#49.3#49.53
145	потом	потом	ADV	_	Degree=Pos	_	_	_	@pp1990m-words#@pp1990m#49.59#49.942
146	повторяем	повторять	VERB	_	Aspect=Imp|Mood=Ind|Number=Plur|Person=1|Tense=Pres|VerbForm=Fin|Voice=Act	_	_	_	@pp1990m-words#@pp1990m#49.942#50.294
147	чуть	чуть	ADV	_	_	_	_	_	@pp1990m-words#@pp1990m#50.294#50.646
148	громче	громко	ADV	_	Degree=Cmp	_	_	_	@pp1990m-words#@pp1990m#50.646#51.0
149	чуть	чуть	ADV	_	_	_	_	_	@pp1990m-words#@pp1990m#51.18#51.519
150	громче	громко	ADV	_	Degree=Cmp	_	_	_	@pp1990m-words#@pp1990m#51.519#51.858
151	потом	потом	ADV	_	_	_	_	_	@pp1990m-words#@pp1990m#51.858#52.197
152	завозим	завозить	VERB	_	Aspect=Imp|Mood=Ind|Number=Plur|Person=1|Tense=Pres|VerbForm=Fin|Voice=Act	_	_	_	@pp1990m-words#@pp1990m#52.197#52.536
153	себя	себя	PRON	_	Case=Acc	_	_	_	@pp1990m-words#@pp1990m#52.536#52.875
154	условно	условно	ADV	_	Degree=Pos	_	_	_	@pp1990m-words#@pp1990m#52.875#53.214
155	говоря	говорить	VERB	_	Aspect=Imp|Tense=Pres|VerbForm=Conv|Voice=Act	_	_	_	@pp1990m-words#@pp1990m#53.214#53.553
156	и	и	CCONJ	_	_	_	_	_	@pp1990m-words#@pp1990m#53.553#53.892
157	начинаем	начинать	VERB	_	Aspect=Imp|Mood=Ind|Number=Plur|Person=1|Tense=Pres|VerbForm=Fin|Voice=Act	_	_	_	@pp1990m-words#@pp1990m#53.892#54.231
158	нервничать	нервничать	VERB	_	Aspect=Imp|VerbForm=Inf|Voice=Act	_	_	_	@pp1990m-words#@pp1990m#54.231#54.57
159	да	да	PART	_	_	_	_	_	@pp1990m-words#@pp1990m#54.57#54.91
160	вот	вот	PART	_	_	_	_	_	@pp1990m-words#@pp1990m#55.22#55.46
161	поэтому	поэтому	ADV	_	_	_	_	_	@pp1990m-words#@pp1990m#55.526#55.82
162	для	для	ADP	_	_	_	_	_	@pp1990m-words#@pp1990m#55.82#56.114
163	того	то	PRON	_	Animacy=Inan|Case=Gen|Gender=Neut|Number=Sing	_	_	_	@pp1990m-words#@pp1990m#56.114#56.408
164	чтобы	чтобы	SCONJ	_	Mood=Cnd	_	_	_	@pp1990m-words#@pp1990m#56.408#56.702
165	не	не	PART	_	_	_	_	_	@pp1990m-words#@pp1990m#56.702#56.996
166	нервничать	нервничать	VERB	_	Aspect=Imp|VerbForm=Inf|Voice=Act	_	_	_	@pp1990m-words#@pp1990m#56.996#57.29
167	эээ	эээ	INTJ	_	_	_	_	_	@pp1990m-words#@pp1990m#57.335#57.741
168	необходимо	необходимый	ADV	_	_	_	_	_	@pp1990m-words#@pp1990m#57.741#58.147
169	собаку	собака	NOUN	_	Animacy=Anim|Case=Acc|Gender=Fem|Number=Sing	_	_	_	@pp1990m-words#@pp1990m#58.147#58.553
170	обучить	обучать	VERB	_	Aspect=Perf|VerbForm=Inf|Voice=Act	_	_	_	@pp1990m-words#@pp1990m#58.553#58.959
171	командам	команда	NOUN	_	Animacy=Inan|Case=Dat|Gender=Masc|Number=Plur	_	_	_	@pp1990m-words#@pp1990m#58.959#59.365
172	тогда	тогда	ADV	_	Degree=Pos	_	_	_	@pp1990m-words#@pp1990m#59.365#59.771
173	она	она	PRON	_	Case=Nom|Gender=Fem|Number=Sing|Person=3	_	_	_	@pp1990m-words#@pp1990m#59.771#60.177
174	будет	быть	AUX	_	Aspect=Imp|Mood=Ind|Number=Sing|Person=3|Tense=Pres|VerbForm=Fin|Voice=Act	_	_	_	@pp1990m-words#@pp1990m#60.177#60.583
175	понимать	понимать	VERB	_	Aspect=Imp|VerbForm=Inf|Voice=Act	_	_	_	@pp1990m-words#@pp1990m#60.583#60.993
176	ааа	ааа	INTJ	_	_	_	_	_	@pp1990m-words#@pp1990m#61.466#61.758
177	какие-то	какой-то	DET	_	Case=Acc|Number=Plur	_	_	_	@pp1990m-words#@pp1990m#61.758#62.05
178	фразы	фраза	NOUN	_	Animacy=Inan|Case=Acc|Gender=Masc|Number=Plur	_	_	_	@pp1990m-words#@pp1990m#62.05#62.342
179	да	да	CCONJ	_	_	_	_	_	@pp1990m-words#@pp1990m#62.342#62.634
180	из	из	ADP	_	_	_	_	_	@pp1990m-words#@pp1990m#62.634#62.926
181	человеческой	человеческий	ADJ	_	Case=Gen|Degree=Pos|Gender=Fem|Number=Sing	_	_	_	@pp1990m-words#@pp1990m#62.926#63.218
182	речи	речь	NOUN	_	Animacy=Inan|Case=Gen|Gender=Fem|Number=Sing	_	_	_	@pp1990m-words#@pp1990m#63.218#63.51
183	что	что	SCONJ	_	_	_	_	_	@pp1990m-words#@pp1990m#63.51#63.802
184	мы	мы	PRON	_	Case=Nom|Number=Plur|Person=1	_	_	_	@pp1990m-words#@pp1990m#63.802#64.094
185	под	подразумевать	VERB	_	Aspect=Imp|Mood=Ind|Number=Plur|Person=1|Tense=Pres|VerbForm=Fin|Voice=Act	_	_	_	@pp1990m-words#@pp1990m#64.094#64.393
186	подразумеваем	подразумевать	VERB	_	Aspect=Imp|Mood=Ind|Number=Plur|Person=1|Tense=Pres|VerbForm=Fin|Voice=Act	_	_	_	@pp1990m-words#@pp1990m#64.526#65.021
187	под	под	ADP	_	_	_	_	_	@pp1990m-words#@pp1990m#65.021#65.516
188	командами	команда	NOUN	_	Animacy=Inan|Case=Ins|Gender=Fem|Number=Plur	_	_	_	@pp1990m-words#@pp1990m#65.516#66.013
189	и	и	CCONJ	_	_	_	_	_	@pp1990m-words#@pp1990m#66.046#66.378
190	тогда	тогда	ADV	_	_	_	_	_	@pp1990m-words#@pp1990m#66.378#66.71
191	можно	можно	ADV	_	_	_	_	_	@pp1990m-words#@pp1990m#66.71#67.042
192	будет	быть	AUX	_	Aspect=Imp|Mood=Ind|Number=Sing|Person=3|Tense=Pres|VerbForm=Fin|Voice=Act	_	_	_	@pp1990m-words#@pp1990m#67.042#67.374
193	ээ	ээ	INTJ	_	_	_	_	_	@pp1990m-words#@pp1990m#67.374#67.706
194	с	с	ADP	_	_	_	_	_	@pp1990m-words#@pp1990m#67.706#68.038
195	собакой	собака	NOUN	_	Animacy=Anim|Case=Ins|Gender=Fem|Number=Sing	_	_	_	@pp1990m-words#@pp1990m#68.038#68.37
196	разговаривать	разговаривать	VERB	_	Aspect=Imp|VerbForm=Inf|Voice=Act	_	_	_	@pp1990m-words#@pp1990m#68.37#68.702
197	на	на	ADP	_	_	_	_	_	@pp1990m-words#@pp1990m#68.702#69.034
198	одном	один	PRON	_	Case=Loc|Degree=Pos|Gender=Masc|Number=Sing	_	_	_	@pp1990m-words#@pp1990m#69.034#69.366
199	языке	язык	NOUN	_	Animacy=Inan|Case=Loc|Gender=Masc|Number=Sing	_	_	_	@pp1990m-words#@pp1990m#69.366#69.7
200	вот	вот	PART	_	_	_	_	_	@pp1990m-words#@pp1990m#70.033#70.36
201	плюс	плюс	ADP	_	_	_	_	_	@pp1990m-words#@pp1990m#70.386#70.973
202	процесс	процесс	NOUN	_	Animacy=Inan|Case=Nom|Gender=Masc|Number=Sing	_	_	_	@pp1990m-words#@pp1990m#71.014#71.428
203	обучения	обучение	NOUN	_	Animacy=Inan|Case=Gen|Gender=Neut|Number=Sing	_	_	_	@pp1990m-words#@pp1990m#71.428#71.842
204	собаки	собака	NOUN	_	Animacy=Anim|Case=Gen|Gender=Fem|Number=Sing	_	_	_	@pp1990m-words#@pp1990m#71.842#72.256
205	это	это	PRON	_	Animacy=Inan|Case=Nom|Gender=Neut|Number=Sing	_	_	_	@pp1990m-words#@pp1990m#72.256#72.67
206	не	не	PART	_	_	_	_	_	@pp1990m-words#@pp1990m#72.67#73.084
207	только	только	PART	_	_	_	_	_	@pp1990m-words#@pp1990m#73.084#73.498
208	команды	команда	NOUN	_	Animacy=Inan|Case=Nom|Gender=Fem|Number=Plur	_	_	_	@pp1990m-words#@pp1990m#73.498#73.913
209	команды	команда	NOUN	_	Animacy=Inan|Case=Nom|Gender=Fem|Number=Plur	_	_	_	@pp1990m-words#@pp1990m#74.14#74.484
210	это	это	PART	_	_	_	_	_	@pp1990m-words#@pp1990m#74.484#74.828
211	одна	один	NUM	_	Case=Nom|Degree=Pos|Gender=Fem|Number=Sing	_	_	_	@pp1990m-words#@pp1990m#74.828#75.172
212	часть	часть	NOUN	_	Animacy=Inan|Case=Nom|Gender=Fem|Number=Sing	_	_	_	@pp1990m-words#@pp1990m#75.172#75.516
213	есть	быть	VERB	_	Aspect=Imp|Mood=Ind|Number=Sing|Person=3|Tense=Pres|VerbForm=Fin|Voice=Act	_	_	_	@pp1990m-words#@pp1990m#75.516#75.86
214	ещё	еще	ADV	_	_	_	_	_	@pp1990m-words#@pp1990m#75.86#76.204
215	часть	часть	NOUN	_	Animacy=Inan|Case=Nom|Gender=Fem|Number=Sing	_	_	_	@pp1990m-words#@pp1990m#76.204#76.548
216	правила	правило	NOUN	_	Animacy=Inan|Case=Gen|Gender=Neut|Number=Sing	_	_	_	@pp1990m-words#@pp1990m#76.548#76.892
217	и	и	CCONJ	_	_	_	_	_	@pp1990m-words#@pp1990m#76.892#77.236
218	ограничения	ограничение	NOUN	_	Animacy=Inan|Case=Nom|Gender=Neut|Number=Sing	_	_	_	@pp1990m-words#@pp1990m#77.236#77.58
219	да	да	PART	_	_	_	_	_	@pp1990m-words#@pp1990m#77.58#77.924
220	которые	который	PRON	_	Case=Nom	_	_	_	@pp1990m-words#@pp1990m#77.924#78.268
221	не	не	PART	_	_	_	_	_	@pp1990m-words#@pp1990m#78.268#78.612
222	связаны	связать	VERB	_	Aspect=Perf|Number=Plur|Tense=Past|Variant=Short|VerbForm=Part|Voice=Pass	_	_	_	@pp1990m-words#@pp1990m#78.612#78.956
223	с	с	ADP	_	_	_	_	_	@pp1990m-words#@pp1990m#78.956#79.3
224	командами	команда	NOUN	_	Animacy=Inan|Case=Ins|Gender=Fem|Number=Plur	_	_	_	@pp1990m-words#@pp1990m#79.3#79.644
225	с	с	ADP	_	_	_	_	_	@pp1990m-words#@pp1990m#79.644#79.988
226	какими-то	какой-то	DET	_	Case=Ins|Number=Plur	_	_	_	@pp1990m-words#@pp1990m#79.988#80.332
227	конкретными	конкретный	ADJ	_	Case=Ins|Degree=Pos|Number=Plur	_	_	_	@pp1990m-words#@pp1990m#80.332#80.676
228	словами	слово	NOUN	_	Animacy=Inan|Case=Ins|Gender=Neut|Number=Plur	_	_	_	@pp1990m-words#@pp1990m#80.676#81.033
229	то	то	PRON	_	Animacy=Inan|Case=Nom|Gender=Neut|Number=Sing	_	_	_	@pp1990m-words#@pp1990m#81.3#81.63
230	есть	быть	VERB	_	Aspect=Imp|Mood=Ind|Number=Sing|Person=3|Tense=Pres|VerbForm=Fin|Voice=Act	_	_	_	@pp1990m-words#@pp1990m#81.63#81.96
231	если	если	SCONJ	_	_	_	_	_	@pp1990m-words#@pp1990m#81.96#82.29
232	нам	мы	PRON	_	Case=Dat|Number=Plur|Person=1	_	_	_	@pp1990m-words#@pp1990m#82.29#82.62
233	необходимо	необходимый	ADJ	_	Degree=Pos|Gender=Neut|Number=Sing|Variant=Short	_	_	_	@pp1990m-words#@pp1990m#82.62#82.95
234	научить	учить	VERB	_	Aspect=Perf|VerbForm=Inf|Voice=Act	_	_	_	@pp1990m-words#@pp1990m#82.95#83.28
235	собаку	собака	NOUN	_	Animacy=Anim|Case=Acc|Gender=Fem|Number=Sing	_	_	_	@pp1990m-words#@pp1990m#83.28#83.61
236	не	не	PART	_	_	_	_	_	@pp1990m-words#@pp1990m#83.61#83.94
237	подбирать	подбирать	VERB	_	Aspect=Imp|VerbForm=Inf|Voice=Act	_	_	_	@pp1990m-words#@pp1990m#83.94#84.27
238	ничего	ничто	PRON	_	Case=Acc	_	_	_	@pp1990m-words#@pp1990m#84.27#84.6
239	на	на	ADP	_	_	_	_	_	@pp1990m-words#@pp1990m#84.6#84.93
240	улице	улица	NOUN	_	Animacy=Inan|Case=Loc|Gender=Fem|Number=Sing	_	_	_	@pp1990m-words#@pp1990m#84.93#85.26
241	к	к	ADP	_	_	_	_	_	@pp1990m-words#@pp1990m#85.26#85.59
242	примеру	пример	NOUN	_	Animacy=Inan|Case=Dat|Gender=Masc|Number=Sing	_	_	_	@pp1990m-words#@pp1990m#85.59#85.92
243	то	то	SCONJ	_	_	_	_	_	@pp1990m-words#@pp1990m#86.2#86.52
244	мы	мы	PRON	_	Case=Nom|Number=Plur|Person=1	_	_	_	@pp1990m-words#@pp1990m#86.52#86.84
245	ну	ну	PART	_	_	_	_	_	@pp1990m-words#@pp1990m#86.84#87.16
246	это	это	PRON	_	Animacy=Inan|Case=Nom|Gender=Neut|Number=Sing	_	_	_	@pp1990m-words#@pp1990m#87.16#87.48
247	не	не	PART	_	_	_	_	_	@pp1990m-words#@pp1990m#87.48#87.8
248	совсем	совсем	ADV	_	_	_	_	_	@pp1990m-words#@pp1990m#87.8#88.12
249	разумно	разумно	ADV	_	_	_	_	_	@pp1990m-words#@pp1990m#88.12#88.44
250	например	например	ADV	_	_	_	_	_	@pp1990m-words#@pp1990m#88.44#88.76
251	э	э	INTJ	_	_	_	_	_	@pp1990m-words#@pp1990m#89.226#89.556
252	использовать	использовать	VERB	_	Aspect=Imp|VerbForm=Inf|Voice=Act	_	_	_	@pp1990m-words#@pp1990m#89.556#89.886
253	только	только	PART	_	_	_	_	_	@pp1990m-words#@pp1990m#89.886#90.216
254	команду	команда	NOUN	_	Animacy=Inan|Case=Acc|Gender=Fem|Number=Sing	_	_	_	@pp1990m-words#@pp1990m#90.216#90.546
255	фу	фу	INTJ	_	_	_	_	_	@pp1990m-words#@pp1990m#90.546#90.876
256	потому	потому	ADV	_	_	_	_	_	@pp1990m-words#@pp1990m#90.876#91.206
257	что	что	SCONJ	_	_	_	_	_	@pp1990m-words#@pp1990m#91.206#91.536
258	если	если	SCONJ	_	_	_	_	_	@pp1990m-words#@pp1990m#91.536#91.866
259	мы	мы	PRON	_	Case=Nom|Number=Plur|Person=1	_	_	_	@pp1990m-words#@pp1990m#91.866#92.196
260	будем	быть	AUX	_	Aspect=Imp|Mood=Ind|Number=Plur|Person=1|Tense=Fut|VerbForm=Fin|Voice=Act	_	_	_	@pp1990m-words#@pp1990m#92.196#92.533
261	постоянно	постоянно	ADV	_	Degree=Pos	_	_	_	@pp1990m-words#@pp1990m#92.886#93.217
262	ходить	ходить	VERB	_	Aspect=Imp|VerbForm=Inf|Voice=Act	_	_	_	@pp1990m-words#@pp1990m#93.217#93.548
263	фу	фу	INTJ	_	_	_	_	_	@pp1990m-words#@pp1990m#93.548#93.879
264	фу	фу	INTJ	_	_	_	_	_	@pp1990m-words#@pp1990m#93.879#94.213
265	фу	фу	INTJ	_	_	_	_	_	@pp1990m-words#@pp1990m#94.36#94.622
266	фу	фу	INTJ	_	_	_	_	_	@pp1990m-words#@pp1990m#94.622#94.884
267	фу	фу	INTJ	_	_	_	_	_	@pp1990m-words#@pp1990m#94.884#95.146
268	а	а	CCONJ	_	_	_	_	_	@pp1990m-words#@pp1990m#95.24#95.497
269	если	если	SCONJ	_	_	_	_	_	@pp1990m-words#@pp1990m#95.497#95.754
270	мы	мы	PRON	_	Case=Nom|Number=Plur|Person=1	_	_	_	@pp1990m-words#@pp1990m#95.754#96.013
271	эту	этот	DET	_	Case=Acc|Gender=Fem|Number=Sing	_	_	_	@pp1990m-words#@pp1990m#96.313#96.684
272	команду	команда	NOUN	_	Animacy=Inan|Case=Acc|Gender=Fem|Number=Sing	_	_	_	@pp1990m-words#@pp1990m#96.684#97.055
273	не	не	PART	_	_	_	_	_	@pp1990m-words#@pp1990m#97.055#97.426
274	произносим	произносить	VERB	_	Aspect=Perf|Mood=Ind|Number=Plur|Person=1|Tense=Pres|VerbForm=Fin|Voice=Act	_	_	_	@pp1990m-words#@pp1990m#97.426#97.8
275	то	то	SCONJ	_	_	_	_	_	@pp1990m-words#@pp1990m#98.026#98.506
276	соответственно	соответственно	ADV	_	Degree=Pos	_	_	_	@pp1990m-words#@pp1990m#98.506#98.986
277	собака	собака	NOUN	_	Animacy=Anim|Case=Nom|Gender=Fem|Number=Sing	_	_	_	@pp1990m-words#@pp1990m#99.56#99.878
278	может	мочь	VERB	_	Aspect=Imp|Mood=Ind|Number=Sing|Person=3|Tense=Pres|VerbForm=Fin|Voice=Act	_	_	_	@pp1990m-words#@pp1990m#99.878#100.196
279	что-то	что-то	PRON	_	Case=Acc	_	_	_	@pp1990m-words#@pp1990m#100.196#100.514
280	съесть	съесть	VERB	_	Aspect=Perf|VerbForm=Inf|Voice=Act	_	_	_	@pp1990m-words#@pp1990m#100.514#100.832
281	получается	получаться	VERB	_	Aspect=Imp|Mood=Ind|Number=Sing|Person=3|Tense=Pres|VerbForm=Fin|Voice=Mid	_	_	_	@pp1990m-words#@pp1990m#100.832#101.15
282	так	так	ADV	_	Degree=Pos	_	_	_	@pp1990m-words#@pp1990m#101.15#101.468
283	то	то	PRON	_	Animacy=Inan|Case=Nom|Gender=Neut|Number=Sing	_	_	_	@pp1990m-words#@pp1990m#101.468#101.786
284	есть	быть	VERB	_	Aspect=Imp|Mood=Ind|Number=Sing|Person=3|Tense=Pres|VerbForm=Fin|Voice=Act	_	_	_	@pp1990m-words#@pp1990m#101.786#102.104
285	должно	должный	ADJ	_	Degree=Pos|Gender=Neut|Number=Sing|Variant=Short	_	_	_	@pp1990m-words#@pp1990m#102.104#102.422
286	быть	быть	AUX	_	Aspect=Imp|VerbForm=Inf|Voice=Act	_	_	_	@pp1990m-words#@pp1990m#102.422#102.74
287	правило	правило	NOUN	_	Animacy=Inan|Case=Nom|Gender=Neut|Number=Sing	_	_	_	@pp1990m-words#@pp1990m#102.74#103.058
288	что	что	SCONJ	_	_	_	_	_	@pp1990m-words#@pp1990m#103.058#103.386
289	земля	земля	NOUN	_	Animacy=Inan|Case=Nom|Gender=Fem|Number=Sing	_	_	_	@pp1990m-words#@pp1990m#103.78#104.473
290	пол	пол	NOUN	_	Animacy=Inan|Case=Nom|Gender=Masc|Number=Sing	_	_	_	@pp1990m-words#@pp1990m#104.613#104.946
291	всё	весь	PRON	_	Case=Nom|Gender=Neut|Number=Sing	_	_	_	@pp1990m-words#@pp1990m#104.946#105.28
292	это	этот	PRON	_	Animacy=Inan|Case=Acc|Gender=Neut|Number=Sing	_	_	_	@pp1990m-words#@pp1990m#105.373#105.686
293	табу	табу	NOUN	_	Animacy=Inan|Case=Acc|Gender=Neut|Number=Sing	_	_	_	@pp1990m-words#@pp1990m#105.686#106.0
294	мы	мы	PRON	_	Case=Nom|Number=Plur|Person=1	_	_	_	@pp1990m-words#@pp1990m#106.07#106.38
295	никакую	никакой	DET	_	Case=Acc|Gender=Fem|Number=Sing	_	_	_	@pp1990m-words#@pp1990m#106.53#106.856
296	еду	еда	NOUN	_	Animacy=Inan|Case=Acc|Gender=Fem|Number=Sing	_	_	_	@pp1990m-words#@pp1990m#106.856#107.182
297	там	там	ADV	_	Degree=Pos	_	_	_	@pp1990m-words#@pp1990m#107.182#107.508
298	не	не	PART	_	_	_	_	_	@pp1990m-words#@pp1990m#107.508#107.834
299	подбираем	подбирать	VERB	_	Aspect=Imp|Mood=Ind|Number=Plur|Person=1|Tense=Pres|VerbForm=Fin|Voice=Act	_	_	_	@pp1990m-words#@pp1990m#107.834#108.16
300	даже	даже	PART	_	_	_	_	_	@pp1990m-words#@pp1990m#108.33#108.64
301	если	если	SCONJ	_	_	_	_	_	@pp1990m-words#@pp1990m#108.64#108.95
302	есть	есть	VERB	_	Aspect=Imp|Mood=Ind|Number=Sing|Person=3|Tense=Pres|VerbForm=Fin|Voice=Act	_	_	_	@pp1990m-words#@pp1990m#108.95#109.26
303	рядом	рядом	ADV	_	_	_	_	_	@pp1990m-words#@pp1990m#109.26#109.57
304	человек	человек	NOUN	_	Animacy=Anim|Case=Nom|Gender=Masc|Number=Sing	_	_	_	@pp1990m-words#@pp1990m#109.57#109.88
305	нет	нет	PART	_	_	_	_	_	@pp1990m-words#@pp1990m#109.94#110.245
306	рядом	рядом	ADV	_	Degree=Pos	_	_	_	@pp1990m-words#@pp1990m#110.245#110.55
307	человека	человек	NOUN	_	Animacy=Anim|Case=Gen|Gender=Masc|Number=Sing	_	_	_	@pp1990m-words#@pp1990m#110.55#110.855
308	смотрит	смотреть	VERB	_	Aspect=Imp|Mood=Ind|Number=Sing|Person=3|Tense=Pres|VerbForm=Fin|Voice=Act	_	_	_	@pp1990m-words#@pp1990m#110.855#111.16
309	он	он	PRON	_	Case=Nom|Gender=Masc|Number=Sing|Person=3	_	_	_	@pp1990m-words#@pp1990m#111.16#111.465
310	либо	либо	CCONJ	_	_	_	_	_	@pp1990m-words#@pp1990m#111.465#111.77
311	даёт	давать	VERB	_	Aspect=Imp|Mood=Ind|Number=Sing|Person=3|Tense=Pres|VerbForm=Fin|Voice=Act	_	_	_	@pp1990m-words#@pp1990m#111.77#112.075
312	какую-то	какой-то	DET	_	Case=Acc|Gender=Fem|Number=Sing	_	_	_	@pp1990m-words#@pp1990m#112.075#112.38
313	команду	команда	NOUN	_	Animacy=Inan|Case=Acc|Gender=Fem|Number=Sing	_	_	_	@pp1990m-words#@pp1990m#112.38#112.685
314	либо	либо	CCONJ	_	_	_	_	_	@pp1990m-words#@pp1990m#112.685#112.99
315	не	не	PART	_	_	_	_	_	@pp1990m-words#@pp1990m#112.99#113.295
316	дает	давать	VERB	_	Aspect=Imp|Mood=Ind|Number=Sing|Person=3|Tense=Pres|VerbForm=Fin|Voice=Act	_	_	_	@pp1990m-words#@pp1990m#113.295#113.6
317	всё	все	PRON	_	Animacy=Inan|Case=Nom|Gender=Neut|Number=Sing	_	_	_	@pp1990m-words#@pp1990m#113.6#113.905
318	равно	равный	ADJ	_	Degree=Pos|Gender=Neut|Number=Sing|Variant=Short	_	_	_	@pp1990m-words#@pp1990m#113.905#114.21
319	мы	мы	PRON	_	Case=Nom|Number=Plur|Person=1	_	_	_	@pp1990m-words#@pp1990m#114.21#114.515
320	ничего	ничто	PRON	_	Case=Gen	_	_	_	@pp1990m-words#@pp1990m#114.515#114.82
321	не	не	PART	_	_	_	_	_	@pp1990m-words#@pp1990m#114.82#115.125
322	подбираем	подбирать	VERB	_	Aspect=Imp|Mood=Ind|Number=Plur|Person=1|Tense=Pres|VerbForm=Fin|Voice=Act	_	_	_	@pp1990m-words#@pp1990m#115.125#115.43
323	поэтому	поэтому	ADV	_	_	_	_	_	@pp1990m-words#@pp1990m#115.43#115.74
324	вот	вот	PART	_	_	_	_	_	@pp1990m-words#@pp1990m#116.09#116.49
325	я	я	PRON	_	Case=Nom|Number=Sing|Person=1	_	_	_	@pp1990m-words#@pp1990m#116.49#116.89
326	когда	когда	SCONJ	_	_	_	_	_	@pp1990m-words#@pp1990m#116.89#117.29
327	например	например	ADV	_	_	_	_	_	@pp1990m-words#@pp1990m#117.29#117.69
328	обучаю	обучать	VERB	_	Aspect=Imp|Mood=Ind|Number=Sing|Person=1|Tense=Pres|VerbForm=Fin|Voice=Act	_	_	_	@pp1990m-words#@pp1990m#117.69#118.09
329	там	там	ADV	_	_	_	_	_	@pp1990m-words#@pp1990m#118.09#118.49
330	своих	свой	DET	_	Case=Acc|Number=Plur	_	_	_	@pp1990m-words#@pp1990m#118.49#118.89
331	питомцев	питомец	NOUN	_	Animacy=Anim|Case=Acc|Gender=Masc|Number=Plur	_	_	_	@pp1990m-words#@pp1990m#118.89#119.29
332	то	то	SCONJ	_	_	_	_	_	@pp1990m-words#@pp1990m#119.29#119.69
333	с	с	ADP	_	_	_	_	_	@pp1990m-words#@pp1990m#120.04#120.35
334	одной	один	NUM	_	Case=Gen|Gender=Fem	_	_	_	@pp1990m-words#@pp1990m#120.35#120.66
335	стороны	сторона	NOUN	_	Animacy=Inan|Case=Gen|Gender=Fem|Number=Sing	_	_	_	@pp1990m-words#@pp1990m#120.66#120.97
336	я	я	PRON	_	Case=Nom|Number=Sing|Person=1	_	_	_	@pp1990m-words#@pp1990m#120.97#121.28
337	обучаю	обучать	VERB	_	Aspect=Imp|Mood=Ind|Number=Sing|Person=1|Tense=Pres|VerbForm=Fin|Voice=Act	_	_	_	@pp1990m-words#@pp1990m#121.28#121.59
338	правилам	правило	NOUN	_	Animacy=Inan|Case=Dat|Gender=Neut|Number=Plur	_	_	_	@pp1990m-words#@pp1990m#121.59#121.9
339	и	и	CCONJ	_	_	_	_	_	@pp1990m-words#@pp1990m#121.9#122.21
340	ограничениям	ограничение	NOUN	_	Animacy=Inan|Case=Dat|Gender=Neut|Number=Plur	_	_	_	@pp1990m-words#@pp1990m#122.21#122.52
341	с	с	ADP	_	_	_	_	_	@pp1990m-words#@pp1990m#122.79#123.097
342	другой	другой	ADJ	_	Case=Gen|Degree=Pos|Gender=Fem|Number=Sing	_	_	_	@pp1990m-words#@pp1990m#123.097#123.404
343	стороны	сторона	NOUN	_	Animacy=Inan|Case=Gen|Gender=Fem|Number=Sing	_	_	_	@pp1990m-words#@pp1990m#123.404#123.711
344	командам	команда	NOUN	_	Animacy=Inan|Case=Dat|Gender=Fem|Number=Plur	_	_	_	@pp1990m-words#@pp1990m#123.711#124.02
345	вот	вот	PART	_	_	_	_	_	@pp1990m-words#@pp1990m#124.39#124.69
346	ну	ну	PART	_	_	_	_	_	@pp1990m-words#@pp1990m#125.05#125.41
347	в	в	ADP	_	_	_	_	_	@pp1990m-words#@pp1990m#126.053#126.294
348	общем	общий	ADJ	_	Case=Loc|Degree=Pos|Gender=Neut|Number=Sing	_	_	_	@pp1990m-words#@pp1990m#126.294#126.535
349	и	и	CCONJ	_	_	_	_	_	@pp1990m-words#@pp1990m#126.535#126.776
350	целом	целый	NOUN	_	Animacy=Inan|Case=Loc|Gender=Neut|Number=Sing	_	_	_	@pp1990m-words#@pp1990m#126.776#127.017
351	и	и	CCONJ	_	_	_	_	_	@pp1990m-words#@pp1990m#127.017#127.258
352	человек	человек	NOUN	_	Animacy=Anim|Case=Nom|Gender=Masc|Number=Sing	_	_	_	@pp1990m-words#@pp1990m#127.258#127.5
353	который	который	PRON	_	Case=Nom	_	_	_	@pp1990m-words#@pp1990m#127.772#128.17
354	приобретает	приобретать	VERB	_	Aspect=Imp|Mood=Ind|Number=Sing|Person=3|Tense=Pres|VerbForm=Fin|Voice=Act	_	_	_	@pp1990m-words#@pp1990m#128.17#128.568
355	первый	первый	ADJ	_	Animacy=Inan|Case=Acc|Degree=Pos|Gender=Masc|Number=Sing	_	_	_	@pp1990m-words#@pp1990m#128.568#128.966
356	раз	раз	NOUN	_	Animacy=Inan|Case=Acc|Gender=Masc|Number=Sing	_	_	_	@pp1990m-words#@pp1990m#128.966#129.364
357	собаку	собака	NOUN	_	Animacy=Anim|Case=Acc|Gender=Fem|Number=Sing	_	_	_	@pp1990m-words#@pp1990m#129.364#129.762
358	он	он	PRON	_	Case=Nom|Gender=Masc|Number=Sing|Person=3	_	_	_	@pp1990m-words#@pp1990m#129.762#130.16
359	тоже	тоже	PART	_	_	_	_	_	@pp1990m-words#@pp1990m#130.16#130.558
360	нуждается	нуждаться	VERB	_	Aspect=Imp|Mood=Ind|Number=Sing|Person=3|Tense=Pres|VerbForm=Fin|Voice=Mid	_	_	_	@pp1990m-words#@pp1990m#130.558#130.956
361	в	в	ADP	_	_	_	_	_	@pp1990m-words#@pp1990m#130.956#131.354
362	неком	некий	ADJ	_	Case=Loc|Degree=Pos|Gender=Neut|Number=Sing	_	_	_	@pp1990m-words#@pp1990m#131.354#131.752
363	определенном	определенный	ADJ	_	Case=Loc|Degree=Pos|Gender=Neut|Number=Sing	_	_	_	@pp1990m-words#@pp1990m#131.752#132.15
364	обучении	обучение	NOUN	_	Animacy=Inan|Case=Loc|Gender=Neut|Number=Sing	_	_	_	@pp1990m-words#@pp1990m#132.15#132.548
365	поэтому	поэтому	ADV	_	_	_	_	_	@pp1990m-words#@pp1990m#132.548#132.946
366	глупо	глупо	ADV	_	Degree=Pos	_	_	_	@pp1990m-words#@pp1990m#133.086#133.467
367	так	так	ADV	_	_	_	_	_	@pp1990m-words#@pp1990m#133.467#133.848
368	считать	считать	VERB	_	Aspect=Imp|VerbForm=Inf|Voice=Act	_	_	_	@pp1990m-words#@pp1990m#133.848#134.229
369	что	что	SCONJ	_	_	_	_	_	@pp1990m-words#@pp1990m#134.229#134.613
370	только	только	PART	_	_	_	_	_	@pp1990m-words#@pp1990m#134.803#135.118
371	собака	собака	NOUN	_	Animacy=Anim|Case=Nom|Gender=Fem|Number=Sing	_	_	_	@pp1990m-words#@pp1990m#135.118#135.433
372	нуждается	нуждаться	VERB	_	Aspect=Imp|Mood=Ind|Number=Sing|Person=3|Tense=Pres|VerbForm=Fin|Voice=Mid	_	_	_	@pp1990m-words#@pp1990m#135.433#135.748
373	в	в	ADP	_	_	_	_	_	@pp1990m-words#@pp1990m#135.748#136.063
374	дрессировке	дрессировка	NOUN	_	Animacy=Inan|Case=Loc|Gender=Fem|Number=Sing	_	_	_	@pp1990m-words#@pp1990m#136.063#136.378
375	и	и	CCONJ	_	_	_	_	_	@pp1990m-words#@pp1990m#136.378#136.693
376	в	в	ADP	_	_	_	_	_	@pp1990m-words#@pp1990m#136.693#137.008
377	обучении	обучение	NOUN	_	Animacy=Inan|Case=Loc|Gender=Neut|Number=Sing	_	_	_	@pp1990m-words#@pp1990m#137.008#137.323
378	да	да	PART	_	_	_	_	_	@pp1990m-words#@pp1990m#137.323#137.638
379	человек	человек	NOUN	_	Animacy=Anim|Case=Nom|Gender=Masc|Number=Sing	_	_	_	@pp1990m-words#@pp1990m#137.638#137.953
380	тоже	тоже	PART	_	_	_	_	_	@pp1990m-words#@pp1990m#137.953#138.268
381	нуждается	нуждаться	VERB	_	Aspect=Imp|Mood=Ind|Number=Sing|Person=3|Tense=Pres|VerbForm=Fin|Voice=Mid	_	_	_	@pp1990m-words#@pp1990m#138.268#138.583
382	в	в	ADP	_	_	_	_	_	@pp1990m-words#@pp1990m#138.583#138.898
383	обучении	обучение	NOUN	_	Animacy=Inan|Case=Loc|Gender=Neut|Number=Sing	_	_	_	@pp1990m-words#@pp1990m#138.898#139.213
384	чтобы	чтобы	SCONJ	_	Mood=Cnd	_	_	_	@pp1990m-words#@pp1990m#139.213#139.54
385	э	э	INTJ	_	_	_	_	_	@pp1990m-words#@pp1990m#140.053#140.293
386	понимать	понимать	VERB	_	Aspect=Imp|VerbForm=Inf|Voice=Act	_	_	_	@pp1990m-words#@pp1990m#140.352#140.925
387	какое-то	какой-то	DET	_	Case=Acc|Gender=Neut|Number=Sing	_	_	_	@pp1990m-words#@pp1990m#141.72#142.125
388	поведение	поведение	NOUN	_	Animacy=Inan|Case=Acc|Gender=Neut|Number=Sing	_	_	_	@pp1990m-words#@pp1990m#142.125#142.53
389	элементарное	элементарный	ADJ	_	Case=Acc|Degree=Pos|Gender=Neut|Number=Sing	_	_	_	@pp1990m-words#@pp1990m#142.53#142.935
390	собаки	собака	NOUN	_	Animacy=Anim|Case=Gen|Gender=Fem|Number=Sing	_	_	_	@pp1990m-words#@pp1990m#142.935#143.34
391	да	да	CCONJ	_	_	_	_	_	@pp1990m-words#@pp1990m#143.34#143.745
392	и	и	PART	_	_	_	_	_	@pp1990m-words#@pp1990m#143.745#144.15
393	понимать	понимать	VERB	_	Aspect=Imp|VerbForm=Inf|Voice=Act	_	_	_	@pp1990m-words#@pp1990m#144.15#144.555
394	что	что	PRON	_	Case=Acc	_	_	_	@pp1990m-words#@pp1990m#144.555#144.96
395	вот	вот	PART	_	_	_	_	_	@pp1990m-words#@pp1990m#144.96#145.365
396	допустим	допустить	VERB	_	Aspect=Perf|Mood=Ind|Number=Plur|Person=1|Tense=Fut|VerbForm=Fin|Voice=Act	_	_	_	@pp1990m-words#@pp1990m#145.365#145.77
397	если	если	SCONJ	_	_	_	_	_	@pp1990m-words#@pp1990m#145.77#146.175
398	она	она	PRON	_	Case=Nom|Gender=Fem|Number=Sing|Person=3	_	_	_	@pp1990m-words#@pp1990m#146.175#146.58
399	сходила	cходить	VERB	_	Aspect=Perf|Gender=Fem|Mood=Ind|Number=Sing|Tense=Past|VerbForm=Fin|Voice=Act	_	_	_	@pp1990m-words#@pp1990m#146.58#146.986
400	в	в	ADP	_	_	_	_	_	@pp1990m-words#@pp1990m#147.153#147.425
401	туалет	туалет	NOUN	_	Animacy=Inan|Case=Acc|Gender=Masc|Number=Sing	_	_	_	@pp1990m-words#@pp1990m#147.425#147.697
402	к	к	ADP	_	_	_	_	_	@pp1990m-words#@pp1990m#147.697#147.969
403	нему	он	PRON	_	Case=Dat|Gender=Masc|Number=Sing|Person=3	_	_	_	@pp1990m-words#@pp1990m#147.969#148.241
404	на	на	ADP	_	_	_	_	_	@pp1990m-words#@pp1990m#148.241#148.513
405	кровать	кровать	NOUN	_	Animacy=Inan|Case=Acc|Gender=Fem|Number=Sing	_	_	_	@pp1990m-words#@pp1990m#148.513#148.785
406	да	да	PART	_	_	_	_	_	@pp1990m-words#@pp1990m#148.785#149.057
407	это	это	PRON	_	Animacy=Inan|Case=Nom|Gender=Neut|Number=Sing	_	_	_	@pp1990m-words#@pp1990m#149.057#149.329
408	не	не	PART	_	_	_	_	_	@pp1990m-words#@pp1990m#149.329#149.601
409	значит	значить	VERB	_	Aspect=Imp|Mood=Ind|Number=Sing|Person=3|Tense=Pres|VerbForm=Fin|Voice=Act	_	_	_	@pp1990m-words#@pp1990m#149.601#149.873
410	что	что	SCONJ	_	_	_	_	_	@pp1990m-words#@pp1990m#149.873#150.145
411	она	она	PRON	_	Case=Nom|Gender=Fem|Number=Sing|Person=3	_	_	_	@pp1990m-words#@pp1990m#150.145#150.417
412	плохо	плохо	ADV	_	Degree=Pos	_	_	_	@pp1990m-words#@pp1990m#150.417#150.689
413	к	к	ADP	_	_	_	_	_	@pp1990m-words#@pp1990m#150.689#150.961
414	нему	он	PRON	_	Case=Dat|Gender=Masc|Number=Sing|Person=3	_	_	_	@pp1990m-words#@pp1990m#150.961#151.233
415	относится	относиться	VERB	_	Aspect=Imp|Mood=Ind|Number=Sing|Person=3|Tense=Pres|VerbForm=Fin|Voice=Mid	_	_	_	@pp1990m-words#@pp1990m#151.233#151.505
416	да	да	PART	_	_	_	_	_	@pp1990m-words#@pp1990m#151.505#151.777
417	то	то	PRON	_	Animacy=Inan|Case=Nom|Gender=Neut|Number=Sing	_	_	_	@pp1990m-words#@pp1990m#151.777#152.049
418	есть	быть	VERB	_	Aspect=Imp|Mood=Ind|Number=Sing|Person=3|Tense=Pres|VerbForm=Fin|Voice=Act	_	_	_	@pp1990m-words#@pp1990m#152.049#152.321
419	есть	быть	VERB	_	Aspect=Imp|Mood=Ind|Number=Sing|Person=3|Tense=Pres|VerbForm=Fin|Voice=Act	_	_	_	@pp1990m-words#@pp1990m#152.321#152.593
420	ряд	ряд	NOUN	_	Animacy=Inan|Case=Nom|Gender=Masc|Number=Sing	_	_	_	@pp1990m-words#@pp1990m#152.593#152.865
421	определенных	определенный	ADJ	_	Case=Gen|Degree=Pos|Number=Plur	_	_	_	@pp1990m-words#@pp1990m#152.865#153.137
422	причин	причина	NOUN	_	Animacy=Inan|Case=Gen|Gender=Fem|Number=Plur	_	_	_	@pp1990m-words#@pp1990m#153.137#153.409
423	поведенческих	поведенческий	ADJ	_	Case=Gen|Degree=Pos|Number=Plur	_	_	_	@pp1990m-words#@pp1990m#153.409#153.7
424	вот	вот	PART	_	_	_	_	_	@pp1990m-words#@pp1990m#154.146#154.346
425	которые	который	PRON	_	Case=Nom	_	_	_	@pp1990m-words#@pp1990m#154.44#154.814
426	ведут	вести	VERB	_	Aspect=Imp|Mood=Ind|Number=Plur|Person=3|Tense=Pres|VerbForm=Fin|Voice=Act	_	_	_	@pp1990m-words#@pp1990m#154.814#155.188
427	за	за	ADP	_	_	_	_	_	@pp1990m-words#@pp1990m#155.188#155.562
428	собой	себя	PRON	_	Case=Ins	_	_	_	@pp1990m-words#@pp1990m#155.562#155.936
429	такие	такой	DET	_	Case=Acc|Number=Plur	_	_	_	@pp1990m-words#@pp1990m#155.936#156.31
430	последствия	последствие	NOUN	_	Animacy=Inan|Case=Acc|Gender=Neut|Number=Plur	_	_	_	@pp1990m-words#@pp1990m#156.31#156.684
431	да	да	PART	_	_	_	_	_	@pp1990m-words#@pp1990m#156.684#157.06
432	но	но	CCONJ	_	_	_	_	_	@pp1990m-words#@pp1990m#157.213#157.493
433	кхм	кхм	INTJ	_	_	_	_	_	@pp1990m-words#@pp1990m#157.633#157.913
434	очень	очень	ADV	_	_	_	_	_	@pp1990m-words#@pp1990m#157.913#158.193
435	часто	часто	ADV	_	Degree=Pos	_	_	_	@pp1990m-words#@pp1990m#158.193#158.473
436	люди	человек	NOUN	_	Animacy=Anim|Case=Nom|Gender=Masc|Number=Plur	_	_	_	@pp1990m-words#@pp1990m#158.473#158.753
437	воспринимают	воспринимать	VERB	_	Aspect=Imp|Mood=Ind|Number=Plur|Person=3|Tense=Pres|VerbForm=Fin|Voice=Act	_	_	_	@pp1990m-words#@pp1990m#159.173#159.886
438	собаку	собака	NOUN	_	Animacy=Anim|Case=Acc|Gender=Fem|Number=Sing	_	_	_	@pp1990m-words#@pp1990m#160.333#160.645
439	как	как	SCONJ	_	_	_	_	_	@pp1990m-words#@pp1990m#160.645#160.957
440	человека	человек	NOUN	_	Animacy=Anim|Case=Acc|Gender=Masc|Number=Sing	_	_	_	@pp1990m-words#@pp1990m#160.957#161.269
441	да	да	PART	_	_	_	_	_	@pp1990m-words#@pp1990m#161.269#161.581
442	вот	вот	PART	_	_	_	_	_	@pp1990m-words#@pp1990m#161.581#161.893
443	если	если	SCONJ	_	_	_	_	_	@pp1990m-words#@pp1990m#161.893#162.206
444	жил	жить	VERB	_	Aspect=Imp|Gender=Masc|Mood=Ind|Number=Sing|Tense=Past|VerbForm=Fin|Voice=Act	_	_	_	@pp1990m-words#@pp1990m#162.333#162.571
445	с	с	ADP	_	_	_	_	_	@pp1990m-words#@pp1990m#162.571#162.809
446	нами	мы	PRON	_	Case=Ins|Number=Plur|Person=1	_	_	_	@pp1990m-words#@pp1990m#162.809#163.047
447	сосед	сосед	NOUN	_	Animacy=Anim|Case=Nom|Gender=Masc|Number=Sing	_	_	_	@pp1990m-words#@pp1990m#163.047#163.285
448	и	и	CCONJ	_	_	_	_	_	@pp1990m-words#@pp1990m#163.285#163.523
449	он	он	PRON	_	Case=Nom|Gender=Masc|Number=Sing|Person=3	_	_	_	@pp1990m-words#@pp1990m#163.523#163.761
450	взял	брать	VERB	_	Aspect=Perf|Gender=Masc|Mood=Ind|Number=Sing|Tense=Past|VerbForm=Fin|Voice=Act	_	_	_	@pp1990m-words#@pp1990m#163.761#163.999
451	написал	написать	VERB	_	Aspect=Perf|Gender=Masc|Mood=Ind|Number=Sing|Tense=Past|VerbForm=Fin|Voice=Act	_	_	_	@pp1990m-words#@pp1990m#163.999#164.237
452	там	там	ADV	_	Degree=Pos	_	_	_	@pp1990m-words#@pp1990m#164.237#164.475
453	нам	мы	PRON	_	Case=Dat|Number=Plur|Person=1	_	_	_	@pp1990m-words#@pp1990m#164.475#164.713
454	на	на	ADP	_	_	_	_	_	@pp1990m-words#@pp1990m#164.713#164.951
455	кровать	кровать	NOUN	_	Animacy=Inan|Case=Acc|Gender=Fem|Number=Sing	_	_	_	@pp1990m-words#@pp1990m#164.951#165.193
456	то	то	SCONJ	_	_	_	_	_	@pp1990m-words#@pp1990m#165.34#165.66
457	это	это	PRON	_	Animacy=Inan|Case=Nom|Gender=Neut|Number=Sing	_	_	_	@pp1990m-words#@pp1990m#165.66#165.98
458	как	как	ADV	_	_	_	_	_	@pp1990m-words#@pp1990m#165.98#166.3
459	бы	бы	PART	_	_	_	_	_	@pp1990m-words#@pp1990m#166.3#166.62
460	ну	ну	PART	_	_	_	_	_	@pp1990m-words#@pp1990m#166.62#166.94
461	явное	явный	ADJ	_	Case=Acc|Degree=Pos|Gender=Neut|Number=Sing	_	_	_	@pp1990m-words#@pp1990m#166.94#167.26
462	какое-то	какой-то	DET	_	Case=Acc|Gender=Neut|Number=Sing	_	_	_	@pp1990m-words#@pp1990m#167.26#167.58
463	неуважение	неуважение	NOUN	_	Animacy=Inan|Case=Nom|Gender=Neut|Number=Sing	_	_	_	@pp1990m-words#@pp1990m#167.58#167.9
464	и	и	CCONJ	_	_	_	_	_	@pp1990m-words#@pp1990m#167.9#168.22
465	это	это	PRON	_	Animacy=Inan|Case=Nom|Gender=Neut|Number=Sing	_	_	_	@pp1990m-words#@pp1990m#168.53#168.825
466	ну	ну	PART	_	_	_	_	_	@pp1990m-words#@pp1990m#168.825#169.12
467	просто	просто	PART	_	_	_	_	_	@pp1990m-words#@pp1990m#169.4#170.25
468	ээ	ээ	INTJ	_	_	_	_	_	@pp1990m-words#@pp1990m#170.77#171.13
469	крайность	крайность	NOUN	_	Animacy=Inan|Case=Nom|Gender=Fem|Number=Sing	_	_	_	@pp1990m-words#@pp1990m#171.305#171.706
470	какая-то	какой-то	DET	_	Case=Nom|Gender=Fem|Number=Sing	_	_	_	@pp1990m-words#@pp1990m#171.706#172.107
471	да	да	PART	_	_	_	_	_	@pp1990m-words#@pp1990m#172.107#172.508
472	то	то	PRON	_	Animacy=Inan|Case=Nom|Gender=Neut|Number=Sing	_	_	_	@pp1990m-words#@pp1990m#172.508#172.91
473	кхм	кхм	INTJ	_	_	_	_	_	@pp1990m-words#@pp1990m#173.06#173.342
474	собаки	собака	NOUN	_	Animacy=Anim|Case=Nom|Gender=Fem|Number=Plur	_	_	_	@pp1990m-words#@pp1990m#173.342#173.624
475	это	это	PRON	_	Animacy=Inan|Case=Acc|Gender=Neut|Number=Sing	_	_	_	@pp1990m-words#@pp1990m#173.624#173.906
476	делают	делать	VERB	_	Aspect=Imp|Mood=Ind|Number=Plur|Person=3|Tense=Pres|VerbForm=Fin|Voice=Act	_	_	_	@pp1990m-words#@pp1990m#173.906#174.188
477	невсегда	невсегда	ADV	_	_	_	_	_	@pp1990m-words#@pp1990m#174.188#174.47
478	потому	потому	ADV	_	_	_	_	_	@pp1990m-words#@pp1990m#174.47#174.752
479	что	что	SCONJ	_	_	_	_	_	@pp1990m-words#@pp1990m#174.752#175.034
480	они	они	PRON	_	Case=Nom|Number=Plur|Person=3	_	_	_	@pp1990m-words#@pp1990m#175.034#175.316
481	плохо	плохо	ADV	_	Degree=Pos	_	_	_	@pp1990m-words#@pp1990m#175.316#175.598
482	к	к	ADP	_	_	_	_	_	@pp1990m-words#@pp1990m#175.598#175.88
483	человеку	человек	NOUN	_	Animacy=Anim|Case=Dat|Gender=Masc|Number=Sing	_	_	_	@pp1990m-words#@pp1990m#175.88#176.162
484	относятся	относиться	VERB	_	Aspect=Imp|Mood=Ind|Number=Plur|Person=3|Tense=Pres|VerbForm=Fin|Voice=Mid	_	_	_	@pp1990m-words#@pp1990m#176.162#176.444
485	а	а	CCONJ	_	_	_	_	_	@pp1990m-words#@pp1990m#176.444#176.726
486	как	как	SCONJ	_	_	_	_	_	@pp1990m-words#@pp1990m#176.726#177.008
487	правило	правило	NOUN	_	Animacy=Inan|Case=Nom|Gender=Neut|Number=Sing	_	_	_	@pp1990m-words#@pp1990m#177.008#177.29
488	это	это	PRON	_	Animacy=Inan|Case=Nom|Gender=Neut|Number=Sing	_	_	_	@pp1990m-words#@pp1990m#177.29#177.572
489	потому	потому	ADV	_	_	_	_	_	@pp1990m-words#@pp1990m#177.572#177.854
490	что	что	SCONJ	_	_	_	_	_	@pp1990m-words#@pp1990m#177.854#178.136
491	они	они	PRON	_	Case=Nom|Number=Plur|Person=3	_	_	_	@pp1990m-words#@pp1990m#178.136#178.418
492	просто	просто	PART	_	_	_	_	_	@pp1990m-words#@pp1990m#178.418#178.706
493	первое	первый	ADJ	_	Case=Nom|Degree=Pos|Gender=Neut|Number=Sing	_	_	_	@pp1990m-words#@pp1990m#179.08#179.407
494	хотят	хотеть	VERB	_	Aspect=Imp|Mood=Ind|Number=Plur|Person=3|Tense=Pres|VerbForm=Fin|Voice=Act	_	_	_	@pp1990m-words#@pp1990m#179.48#179.818
495	обратить	обратить	VERB	_	Aspect=Perf|VerbForm=Inf|Voice=Act	_	_	_	@pp1990m-words#@pp1990m#179.818#180.156
496	на	на	ADP	_	_	_	_	_	@pp1990m-words#@pp1990m#180.156#180.494
497	себя	себя	PRON	_	Case=Acc	_	_	_	@pp1990m-words#@pp1990m#180.494#180.832
498	внимание	внимание	NOUN	_	Animacy=Inan|Case=Acc|Gender=Neut|Number=Sing	_	_	_	@pp1990m-words#@pp1990m#180.832#181.17
499	например	например	ADV	_	_	_	_	_	@pp1990m-words#@pp1990m#181.17#181.513
500	кхм	кхм	INTJ	_	_	_	_	_	@pp1990m-words#@pp1990m#181.706#182.062
501	второе	второй	ADJ	_	Case=Acc|Degree=Pos|Gender=Neut|Number=Sing	_	_	_	@pp1990m-words#@pp1990m#182.062#182.418
502	они	они	PRON	_	Case=Nom|Number=Plur|Person=3	_	_	_	@pp1990m-words#@pp1990m#182.418#182.774
503	просто	просто	PART	_	_	_	_	_	@pp1990m-words#@pp1990m#182.774#183.13
504	элементарно	элементарно	ADV	_	Degree=Pos	_	_	_	@pp1990m-words#@pp1990m#183.13#183.486
505	не	не	PART	_	_	_	_	_	@pp1990m-words#@pp1990m#183.486#183.842
506	дотерпели	дотерпеть	VERB	_	Aspect=Imp|Mood=Ind|Number=Plur|Tense=Past|VerbForm=Fin|Voice=Act	_	_	_	@pp1990m-words#@pp1990m#183.842#184.2
507	вот	вот	PART	_	_	_	_	_	@pp1990m-words#@pp1990m#184.94#185.313
508	и	и	CCONJ	_	_	_	_	_	@pp1990m-words#@pp1990m#185.406#185.778
509	кровать	кровать	NOUN	_	Animacy=Inan|Case=Acc|Gender=Fem|Number=Sing	_	_	_	@pp1990m-words#@pp1990m#185.778#186.15
510	они	они	PRON	_	Case=Nom|Number=Plur|Person=3	_	_	_	@pp1990m-words#@pp1990m#186.15#186.522
511	воспринимают	воспринимать	VERB	_	Aspect=Imp|Mood=Ind|Number=Plur|Person=3|Tense=Pres|VerbForm=Fin|Voice=Act	_	_	_	@pp1990m-words#@pp1990m#186.522#186.894
512	как	как	SCONJ	_	_	_	_	_	@pp1990m-words#@pp1990m#186.894#187.266
513	нечто	нечто	PRON	_	Case=Acc	_	_	_	@pp1990m-words#@pp1990m#187.266#187.638
514	куда	куда	ADV	_	_	_	_	_	@pp1990m-words#@pp1990m#187.638#188.01
515	ты	ты	PRON	_	Case=Nom|Number=Sing|Person=2	_	_	_	@pp1990m-words#@pp1990m#188.01#188.382
516	писаешь	писать	VERB	_	Aspect=Imp|Mood=Ind|Number=Sing|Person=2|Tense=Pres|VerbForm=Fin|Voice=Act	_	_	_	@pp1990m-words#@pp1990m#188.382#188.754
517	и	и	CCONJ	_	_	_	_	_	@pp1990m-words#@pp1990m#188.754#189.126
518	куда-то	куда-то	ADV	_	_	_	_	_	@pp1990m-words#@pp1990m#190.186#190.535
519	жидкость	жидкость	NOUN	_	Animacy=Inan|Case=Nom|Gender=Fem|Number=Sing	_	_	_	@pp1990m-words#@pp1990m#190.535#190.884
520	уходит	уходить	VERB	_	Aspect=Imp|Mood=Ind|Number=Sing|Person=3|Tense=Pres|VerbForm=Fin|Voice=Act	_	_	_	@pp1990m-words#@pp1990m#190.884#191.233
521	как	как	SCONJ	_	_	_	_	_	@pp1990m-words#@pp1990m#191.233#191.582
522	в	в	ADP	_	_	_	_	_	@pp1990m-words#@pp1990m#191.582#191.931
523	песок	песок	NOUN	_	Animacy=Inan|Case=Acc|Gender=Masc|Number=Sing	_	_	_	@pp1990m-words#@pp1990m#191.931#192.28
524	условно	условно	ADV	_	Degree=Pos	_	_	_	@pp1990m-words#@pp1990m#192.28#192.629
525	говоря	говорить	VERB	_	Aspect=Imp|Tense=Pres|VerbForm=Conv|Voice=Act	_	_	_	@pp1990m-words#@pp1990m#192.629#192.978
526	да	да	CCONJ	_	_	_	_	_	@pp1990m-words#@pp1990m#192.978#193.327
527	и	и	PART	_	_	_	_	_	@pp1990m-words#@pp1990m#193.327#193.676
528	поэтому	поэтому	ADV	_	_	_	_	_	@pp1990m-words#@pp1990m#193.676#194.026
529	лучше	хорошо	ADV	_	Degree=Cmp	_	_	_	@pp1990m-words#@pp1990m#194.213#194.619
530	пописать	пописать	VERB	_	Aspect=Perf|VerbForm=Inf|Voice=Act	_	_	_	@pp1990m-words#@pp1990m#194.619#195.025
531	туда	туда	ADV	_	Degree=Pos	_	_	_	@pp1990m-words#@pp1990m#195.025#195.433
532	там	там	ADV	_	Degree=Pos	_	_	_	@pp1990m-words#@pp1990m#195.646#195.911
533	всё	все	PRON	_	Case=Acc|Gender=Neut|Number=Sing	_	_	_	@pp1990m-words#@pp1990m#195.911#196.176
534	это	это	PRON	_	Animacy=Inan|Case=Acc|Gender=Neut|Number=Sing	_	_	_	@pp1990m-words#@pp1990m#196.176#196.441
535	можно	можно	ADV	_	_	_	_	_	@pp1990m-words#@pp1990m#196.441#196.706
536	спрятать	спрятать	VERB	_	Aspect=Perf|VerbForm=Inf|Voice=Act	_	_	_	@pp1990m-words#@pp1990m#196.706#196.973
537	нежели	нежели	SCONJ	_	_	_	_	_	@pp1990m-words#@pp1990m#197.146#197.481
538	я	я	PRON	_	Case=Nom|Number=Sing|Person=1	_	_	_	@pp1990m-words#@pp1990m#197.481#197.816
539	пописаю	писать	VERB	_	Aspect=Imp|Mood=Ind|Number=Sing|Person=1|Tense=Pres|VerbForm=Fin|Voice=Act	_	_	_	@pp1990m-words#@pp1990m#197.816#198.151
540	там	там	ADV	_	_	_	_	_	@pp1990m-words#@pp1990m#198.151#198.486
541	например	например	ADV	_	_	_	_	_	@pp1990m-words#@pp1990m#198.486#198.821
542	на	на	ADP	_	_	_	_	_	@pp1990m-words#@pp1990m#198.821#199.156
543	плитку	плитка	NOUN	_	Animacy=Inan|Case=Acc|Gender=Fem|Number=Sing	_	_	_	@pp1990m-words#@pp1990m#199.156#199.493
544	и	и	CCONJ	_	_	_	_	_	@pp1990m-words#@pp1990m#199.8#200.153
545	это	это	PRON	_	Animacy=Inan|Case=Nom|Gender=Neut|Number=Sing	_	_	_	@pp1990m-words#@pp1990m#200.153#200.506
546	всё	весь	PRON	_	Case=Acc|Gender=Neut|Number=Sing	_	_	_	@pp1990m-words#@pp1990m#200.506#200.859
547	вся	весь	PRON	_	Case=Nom|Gender=Fem|Number=Sing	_	_	_	@pp1990m-words#@pp1990m#200.859#201.212
548	эта	этот	DET	_	Case=Nom|Gender=Fem|Number=Sing	_	_	_	@pp1990m-words#@pp1990m#201.212#201.565
549	красота	красота	NOUN	_	Animacy=Inan|Case=Nom|Gender=Fem|Number=Sing	_	_	_	@pp1990m-words#@pp1990m#201.565#201.918
550	останется	остаться	VERB	_	Aspect=Perf|Mood=Ind|Number=Sing|Person=3|Tense=Fut|VerbForm=Fin|Voice=Mid	_	_	_	@pp1990m-words#@pp1990m#201.918#202.271
551	и	и	CCONJ	_	_	_	_	_	@pp1990m-words#@pp1990m#202.271#202.624
552	хозяин	хозяин	NOUN	_	Animacy=Anim|Case=Nom|Gender=Masc|Number=Sing	_	_	_	@pp1990m-words#@pp1990m#202.624#202.977
553	придёт	прийти	VERB	_	Aspect=Perf|Mood=Ind|Number=Sing|Person=3|Tense=Fut|VerbForm=Fin|Voice=Act	_	_	_	@pp1990m-words#@pp1990m#202.977#203.33
554	и	и	PART	_	_	_	_	_	@pp1990m-words#@pp1990m#203.33#203.683
555	будет	быть	AUX	_	Aspect=Imp|Mood=Ind|Number=Sing|Person=3|Tense=Fut|VerbForm=Fin|Voice=Act	_	_	_	@pp1990m-words#@pp1990m#203.683#204.036
556	ругаться	ругаться	VERB	_	Aspect=Imp|VerbForm=Inf|Voice=Mid	_	_	_	@pp1990m-words#@pp1990m#204.036#204.389
557	поэтому	поэтому	ADV	_	_	_	_	_	@pp1990m-words#@pp1990m#204.389#204.742
558	лучше	хорошо	ADV	_	Degree=Cmp	_	_	_	@pp1990m-words#@pp1990m#204.742#205.095
559	куда-нибудь	куда-нибудь	ADV	_	_	_	_	_	@pp1990m-words#@pp1990m#205.095#205.448
560	спрятать	спрятать	VERB	_	Aspect=Perf|VerbForm=Inf|Voice=Act	_	_	_	@pp1990m-words#@pp1990m#205.448#205.813
561	вот	вот	PART	_	_	_	_	_	@pp1990m-words#@pp1990m#206.173#206.486
562	ну	ну	PART	_	_	_	_	_	@pp1990m-words#@pp1990m#206.546#206.87
563	вот	вот	PART	_	_	_	_	_	@pp1990m-words#@pp1990m#206.87#207.194
564	примерно	примерно	ADV	_	Degree=Pos	_	_	_	@pp1990m-words#@pp1990m#207.194#207.52
565	какие-то	какой-то	DET	_	Case=Acc|Number=Plur	_	_	_	@pp1990m-words#@pp1990m#207.899#208.234
566	такие	такой	DET	_	Case=Acc|Number=Plur	_	_	_	@pp1990m-words#@pp1990m#208.234#208.569
567	вещи	вещь	NOUN	_	Animacy=Inan|Case=Nom|Gender=Fem|Number=Plur	_	_	_	@pp1990m-words#@pp1990m#208.569#208.906
568	это	это	PRON	_	Animacy=Inan|Case=Nom|Gender=Neut|Number=Sing	_	_	_	@pp1990m-words#@pp1990m#215.206#215.571
569	не	не	PART	_	_	_	_	_	@pp1990m-words#@pp1990m#215.571#215.936
570	совсем	совсем	ADV	_	_	_	_	_	@pp1990m-words#@pp1990m#215.936#216.301
571	правильная	правильный	ADJ	_	Case=Nom|Degree=Pos|Gender=Fem|Number=Sing	_	_	_	@pp1990m-words#@pp1990m#216.301#216.666
572	формулировка	формулировка	NOUN	_	Animacy=Inan|Case=Nom|Gender=Fem|Number=Sing	_	_	_	@pp1990m-words#@pp1990m#216.666#217.031
573	что	что	SCONJ	_	_	_	_	_	@pp1990m-words#@pp1990m#217.031#217.396
574	мы	мы	PRON	_	Case=Nom|Number=Plur|Person=1	_	_	_	@pp1990m-words#@pp1990m#217.396#217.761
575	натравливаем	натравливать	VERB	_	Aspect=Imp|Mood=Ind|Number=Plur|Person=1|Tense=Pres|VerbForm=Fin|Voice=Act	_	_	_	@pp1990m-words#@pp1990m#217.761#218.126
576	собак	собака	NOUN	_	Animacy=Anim|Case=Acc|Gender=Fem|Number=Plur	_	_	_	@pp1990m-words#@pp1990m#218.126#218.491
577	на	на	ADP	_	_	_	_	_	@pp1990m-words#@pp1990m#218.491#218.856
578	ватный	ватный	ADJ	_	Animacy=Inan|Case=Acc|Degree=Pos|Gender=Masc|Number=Sing	_	_	_	@pp1990m-words#@pp1990m#218.856#219.221
579	рукав	рукав	NOUN	_	Animacy=Inan|Case=Acc|Gender=Masc|Number=Sing	_	_	_	@pp1990m-words#@pp1990m#219.221#219.586
580	работа	работа	NOUN	_	Animacy=Inan|Case=Nom|Gender=Fem|Number=Sing	_	_	_	@pp1990m-words#@pp1990m#219.586#219.951
581	на	на	ADP	_	_	_	_	_	@pp1990m-words#@pp1990m#219.951#220.316
582	охрану	охрана	NOUN	_	Animacy=Inan|Case=Acc|Gender=Fem|Number=Sing	_	_	_	@pp1990m-words#@pp1990m#220.316#220.686
583	она	она	PRON	_	Case=Nom|Gender=Fem|Number=Sing|Person=3	_	_	_	@pp1990m-words#@pp1990m#221.266#221.587
584	заключается	заключаться	VERB	_	Aspect=Imp|Mood=Ind|Number=Sing|Person=3|Tense=Pres|VerbForm=Fin|Voice=Mid	_	_	_	@pp1990m-words#@pp1990m#221.587#221.908
585	в	в	ADP	_	_	_	_	_	@pp1990m-words#@pp1990m#221.908#222.229
586	первое	первый	ADJ	_	Case=Nom|Degree=Pos|Gender=Neut|Number=Sing	_	_	_	@pp1990m-words#@pp1990m#222.229#222.55
587	в	в	ADP	_	_	_	_	_	@pp1990m-words#@pp1990m#222.55#222.871
588	том	то	PRON	_	Animacy=Inan|Case=Loc|Gender=Neut|Number=Sing	_	_	_	@pp1990m-words#@pp1990m#222.871#223.192
589	что	что	SCONJ	_	_	_	_	_	@pp1990m-words#@pp1990m#223.192#223.513
590	мы	мы	PRON	_	Case=Nom|Number=Plur|Person=1	_	_	_	@pp1990m-words#@pp1990m#223.513#223.834
591	даём	давать	VERB	_	Aspect=Imp|Mood=Ind|Number=Plur|Person=1|Tense=Pres|VerbForm=Fin|Voice=Act	_	_	_	@pp1990m-words#@pp1990m#223.834#224.155
592	собаке	собака	NOUN	_	Animacy=Inan|Case=Dat|Gender=Masc|Number=Sing	_	_	_	@pp1990m-words#@pp1990m#224.155#224.476
593	уверенность	уверенность	NOUN	_	Animacy=Inan|Case=Acc|Gender=Fem|Number=Sing	_	_	_	@pp1990m-words#@pp1990m#224.476#224.806
594	в	в	ADP	_	_	_	_	_	@pp1990m-words#@pp1990m#225.286#225.522
595	том	то	PRON	_	Animacy=Inan|Case=Loc|Gender=Neut|Number=Sing	_	_	_	@pp1990m-words#@pp1990m#225.522#225.758
596	что	что	SCONJ	_	_	_	_	_	@pp1990m-words#@pp1990m#225.758#225.994
597	она	она	PRON	_	Case=Nom|Gender=Fem|Number=Sing|Person=3	_	_	_	@pp1990m-words#@pp1990m#225.994#226.23
598	сильная	сильный	ADJ	_	Case=Nom|Degree=Pos|Gender=Fem|Number=Sing	_	_	_	@pp1990m-words#@pp1990m#226.23#226.466
599	в	в	ADP	_	_	_	_	_	@pp1990m-words#@pp1990m#226.466#226.702
600	том	то	PRON	_	Animacy=Inan|Case=Loc|Gender=Neut|Number=Sing	_	_	_	@pp1990m-words#@pp1990m#226.702#226.938
601	что	что	SCONJ	_	_	_	_	_	@pp1990m-words#@pp1990m#226.938#227.174
602	она	она	PRON	_	Case=Nom|Gender=Fem|Number=Sing|Person=3	_	_	_	@pp1990m-words#@pp1990m#227.174#227.413
603	скажем	сказать	VERB	_	Aspect=Perf|Mood=Ind|Number=Plur|Person=1|Tense=Fut|VerbForm=Fin|Voice=Act	_	_	_	@pp1990m-words#@pp1990m#228.0#228.336
604	так	так	ADV	_	_	_	_	_	@pp1990m-words#@pp1990m#228.336#228.673
605	может	мочь	VERB	_	Aspect=Imp|Mood=Ind|Number=Sing|Person=3|Tense=Pres|VerbForm=Fin|Voice=Act	_	_	_	@pp1990m-words#@pp1990m#228.846#229.252
606	победить	победить	VERB	_	Aspect=Perf|VerbForm=Inf|Voice=Act	_	_	_	@pp1990m-words#@pp1990m#229.252#229.658
607	там	там	ADV	_	_	_	_	_	@pp1990m-words#@pp1990m#229.658#230.064
608	любого	любой	DET	_	Case=Acc|Gender=Masc|Number=Sing	_	_	_	@pp1990m-words#@pp1990m#230.064#230.47
609	человека	человек	NOUN	_	Animacy=Anim|Case=Acc|Gender=Masc|Number=Sing	_	_	_	@pp1990m-words#@pp1990m#230.47#230.876
610	да	да	PART	_	_	_	_	_	@pp1990m-words#@pp1990m#230.876#231.286
611	ну	ну	PART	_	_	_	_	_	@pp1990m-words#@pp1990m#231.393#231.684
612	это	это	PRON	_	Animacy=Inan|Case=Nom|Gender=Neut|Number=Sing	_	_	_	@pp1990m-words#@pp1990m#231.684#231.975
613	всё	все	DET	_	Case=Nom|Gender=Neut|Number=Sing	_	_	_	@pp1990m-words#@pp1990m#231.975#232.266
614	для	для	ADP	_	_	_	_	_	@pp1990m-words#@pp1990m#232.266#232.557
615	чего	что	PRON	_	Case=Gen	_	_	_	@pp1990m-words#@pp1990m#232.557#232.848
616	нужно	нужный	ADV	_	_	_	_	_	@pp1990m-words#@pp1990m#232.848#233.139
617	для	для	ADP	_	_	_	_	_	@pp1990m-words#@pp1990m#233.139#233.43
618	того	то	PRON	_	Animacy=Inan|Case=Gen|Gender=Neut|Number=Sing	_	_	_	@pp1990m-words#@pp1990m#233.43#233.721
619	чтоб	чтобы	SCONJ	_	_	_	_	_	@pp1990m-words#@pp1990m#233.721#234.012
620	собака	собака	NOUN	_	Animacy=Anim|Case=Nom|Gender=Fem|Number=Sing	_	_	_	@pp1990m-words#@pp1990m#234.012#234.303
621	защищала	защищать	VERB	_	Aspect=Perf|Gender=Fem|Mood=Ind|Number=Sing|Tense=Past|VerbForm=Fin|Voice=Act	_	_	_	@pp1990m-words#@pp1990m#234.303#234.594
622	своего	свой	DET	_	Case=Acc|Gender=Masc|Number=Sing	_	_	_	@pp1990m-words#@pp1990m#234.594#234.885
623	хозяина	хозяин	NOUN	_	Animacy=Anim|Case=Acc|Gender=Masc|Number=Sing	_	_	_	@pp1990m-words#@pp1990m#234.885#235.176
624	да	да	PART	_	_	_	_	_	@pp1990m-words#@pp1990m#235.176#235.473
625	и	и	PART	_	_	_	_	_	@pp1990m-words#@pp1990m#235.573#235.746
626	это	это	PRON	_	Animacy=Inan|Case=Nom|Gender=Neut|Number=Sing	_	_	_	@pp1990m-words#@pp1990m#236.32#236.681
627	не	не	PART	_	_	_	_	_	@pp1990m-words#@pp1990m#236.681#237.042
628	делает	делать	VERB	_	Aspect=Imp|Mood=Ind|Number=Sing|Person=3|Tense=Pres|VerbForm=Fin|Voice=Act	_	_	_	@pp1990m-words#@pp1990m#237.042#237.403
629	собаку	собака	NOUN	_	Animacy=Anim|Case=Acc|Gender=Fem|Number=Sing	_	_	_	@pp1990m-words#@pp1990m#237.403#237.764
630	какой-то	какой-то	DET	_	Case=Ins|Gender=Fem|Number=Sing	_	_	_	@pp1990m-words#@pp1990m#237.764#238.125
631	злобной	злобный	ADJ	_	Case=Ins|Degree=Pos|Gender=Fem|Number=Sing	_	_	_	@pp1990m-words#@pp1990m#238.125#238.486
632	ну	на	PART	_	_	_	_	_	@pp1990m-words#@pp1990m#238.56#238.78
633	при	при	ADP	_	_	_	_	_	@pp1990m-words#@pp1990m#238.874#239.239
634	скажем	сказать	VERB	_	Aspect=Perf|Mood=Ind|Number=Plur|Person=1|Tense=Fut|VerbForm=Fin|Voice=Act	_	_	_	@pp1990m-words#@pp1990m#239.239#239.604
635	так	так	ADV	_	_	_	_	_	@pp1990m-words#@pp1990m#239.604#239.969
636	неправильной	неправильный	ADJ	_	Case=Ins|Degree=Pos|Gender=Fem|Number=Sing	_	_	_	@pp1990m-words#@pp1990m#239.969#240.334
637	дрессировке	дрессировка	NOUN	_	Animacy=Inan|Case=Dat|Gender=Fem|Number=Sing	_	_	_	@pp1990m-words#@pp1990m#240.334#240.699
638	да	да	CCONJ	_	_	_	_	_	@pp1990m-words#@pp1990m#240.699#241.064
639	это	это	PRON	_	Animacy=Inan|Case=Acc|Gender=Neut|Number=Sing	_	_	_	@pp1990m-words#@pp1990m#241.064#241.429
640	может	мочь	VERB	_	Aspect=Imp|Mood=Ind|Number=Sing|Person=3|Tense=Pres|VerbForm=Fin|Voice=Act	_	_	_	@pp1990m-words#@pp1990m#241.429#241.794
641	привести	привести	VERB	_	Aspect=Perf|VerbForm=Inf|Voice=Act	_	_	_	@pp1990m-words#@pp1990m#241.794#242.159
642	к	к	ADP	_	_	_	_	_	@pp1990m-words#@pp1990m#242.159#242.524
643	определенным	определенный	ADJ	_	Case=Dat|Degree=Pos|Number=Plur	_	_	_	@pp1990m-words#@pp1990m#242.524#242.889
644	негативным	негативный	ADJ	_	Case=Dat|Degree=Pos|Number=Plur	_	_	_	@pp1990m-words#@pp1990m#242.889#243.254
645	последствиям	последствие	NOUN	_	Animacy=Inan|Case=Dat|Gender=Neut|Number=Plur	_	_	_	@pp1990m-words#@pp1990m#243.254#243.62
646	но	но	CCONJ	_	_	_	_	_	@pp1990m-words#@pp1990m#243.735#244.1
647	цель	цель	NOUN	_	Animacy=Inan|Case=Nom|Gender=Fem|Number=Sing	_	_	_	@pp1990m-words#@pp1990m#244.43#244.845
648	этого	это	PRON	_	Animacy=Inan|Case=Gen|Gender=Neut|Number=Sing	_	_	_	@pp1990m-words#@pp1990m#244.845#245.26
649	это	этот	PART	_	_	_	_	_	@pp1990m-words#@pp1990m#245.683#246.14
650	ээ	ээ	INTJ	_	_	_	_	_	@pp1990m-words#@pp1990m#246.56#246.88
651	охрана	охрана	NOUN	_	Animacy=Inan|Case=Nom|Gender=Fem|Number=Sing	_	_	_	@pp1990m-words#@pp1990m#246.955#247.422
652	жилища	жилище	NOUN	_	Animacy=Inan|Case=Gen|Gender=Fem|Number=Sing	_	_	_	@pp1990m-words#@pp1990m#247.422#247.889
653	да	да	CCONJ	_	_	_	_	_	@pp1990m-words#@pp1990m#247.889#248.356
654	охрана	охрана	NOUN	_	Animacy=Inan|Case=Nom|Gender=Fem|Number=Sing	_	_	_	@pp1990m-words#@pp1990m#248.356#248.823
655	хозяина	хозяин	NOUN	_	Animacy=Anim|Case=Gen|Gender=Masc|Number=Sing	_	_	_	@pp1990m-words#@pp1990m#248.823#249.29
656	и	и	CCONJ	_	_	_	_	_	@pp1990m-words#@pp1990m#249.675#249.99
657	работа	работа	NOUN	_	Animacy=Inan|Case=Nom|Gender=Fem|Number=Sing	_	_	_	@pp1990m-words#@pp1990m#250.145#250.59
658	по	по	ADP	_	_	_	_	_	@pp1990m-words#@pp1990m#250.59#251.035
659	команде	команда	NOUN	_	Animacy=Inan|Case=Dat|Gender=Fem|Number=Sing	_	_	_	@pp1990m-words#@pp1990m#251.035#251.48
660	то	то	PRON	_	Animacy=Inan|Case=Nom|Gender=Neut|Number=Sing	_	_	_	@pp1990m-words#@pp1990m#251.96#252.15
661	есть	быть	VERB	_	Aspect=Imp|Mood=Ind|Number=Sing|Person=3|Tense=Pres|VerbForm=Fin|Voice=Act	_	_	_	@pp1990m-words#@pp1990m#252.15#252.34
662	не	не	PART	_	_	_	_	_	@pp1990m-words#@pp1990m#252.44#252.815
663	просто	просто	PART	_	_	_	_	_	@pp1990m-words#@pp1990m#252.815#253.19
664	собака	собака	NOUN	_	Animacy=Anim|Case=Nom|Gender=Fem|Number=Sing	_	_	_	@pp1990m-words#@pp1990m#253.19#253.565
665	сама	сам	ADJ	_	Case=Nom|Degree=Pos|Gender=Fem|Number=Sing	_	_	_	@pp1990m-words#@pp1990m#253.565#253.94
666	принимает	принимать	VERB	_	Aspect=Imp|Mood=Ind|Number=Sing|Person=3|Tense=Pres|VerbForm=Fin|Voice=Act	_	_	_	@pp1990m-words#@pp1990m#253.94#254.315
667	решение	решение	NOUN	_	Animacy=Inan|Case=Acc|Gender=Neut|Number=Sing	_	_	_	@pp1990m-words#@pp1990m#254.315#254.69
668	когда	когда	ADV	_	Degree=Pos	_	_	_	@pp1990m-words#@pp1990m#254.69#255.065
669	охранять	охранять	VERB	_	Aspect=Imp|VerbForm=Inf|Voice=Act	_	_	_	@pp1990m-words#@pp1990m#255.065#255.44
670	хозяина	хозяин	NOUN	_	Animacy=Anim|Case=Acc|Gender=Masc|Number=Sing	_	_	_	@pp1990m-words#@pp1990m#255.44#255.815
671	а	а	CCONJ	_	_	_	_	_	@pp1990m-words#@pp1990m#255.815#256.19
672	когда	когда	SCONJ	_	_	_	_	_	@pp1990m-words#@pp1990m#256.19#256.565
673	хозяин	хозяин	NOUN	_	Animacy=Anim|Case=Nom|Gender=Masc|Number=Sing	_	_	_	@pp1990m-words#@pp1990m#256.565#256.94
674	даёт	давать	VERB	_	Aspect=Imp|Mood=Ind|Number=Sing|Person=3|Tense=Pres|VerbForm=Fin|Voice=Act	_	_	_	@pp1990m-words#@pp1990m#256.94#257.315
675	команду	команда	NOUN	_	Animacy=Inan|Case=Acc|Gender=Fem|Number=Sing	_	_	_	@pp1990m-words#@pp1990m#257.315#257.69
676	либо	либо	CCONJ	_	_	_	_	_	@pp1990m-words#@pp1990m#257.69#258.065
677	когда	когда	SCONJ	_	_	_	_	_	@pp1990m-words#@pp1990m#258.065#258.453
678	на	на	ADP	_	_	_	_	_	@pp1990m-words#@pp1990m#258.576#258.86
679	то	то	PRON	_	Animacy=Inan|Case=Acc|Gender=Neut|Number=Sing	_	_	_	@pp1990m-words#@pp1990m#258.86#259.144
680	располагает	располагать	VERB	_	Aspect=Imp|Mood=Ind|Number=Sing|Person=3|Tense=Pres|VerbForm=Fin|Voice=Act	_	_	_	@pp1990m-words#@pp1990m#259.144#259.428
681	ситуация	ситуация	NOUN	_	Animacy=Inan|Case=Nom|Gender=Fem|Number=Sing	_	_	_	@pp1990m-words#@pp1990m#259.428#259.712
682	что	что	SCONJ	_	_	_	_	_	@pp1990m-words#@pp1990m#259.712#259.996
683	он	он	PRON	_	Case=Nom|Gender=Masc|Number=Sing|Person=3	_	_	_	@pp1990m-words#@pp1990m#259.996#260.28
684	кричит	кричать	VERB	_	Aspect=Imp|Mood=Ind|Number=Sing|Person=3|Tense=Pres|VerbForm=Fin|Voice=Act	_	_	_	@pp1990m-words#@pp1990m#260.28#260.564
685	там	там	ADV	_	_	_	_	_	@pp1990m-words#@pp1990m#260.564#260.848
686	на	на	ADP	_	_	_	_	_	@pp1990m-words#@pp1990m#260.848#261.132
687	помощь	помощь	NOUN	_	Animacy=Inan|Case=Acc|Gender=Fem|Number=Sing	_	_	_	@pp1990m-words#@pp1990m#261.132#261.416
688	на	на	ADP	_	_	_	_	_	@pp1990m-words#@pp1990m#261.416#261.7
689	помощь	помощь	NOUN	_	Animacy=Inan|Case=Acc|Gender=Fem|Number=Sing	_	_	_	@pp1990m-words#@pp1990m#261.7#261.984
690	к	к	ADP	_	_	_	_	_	@pp1990m-words#@pp1990m#261.984#262.268
691	примеру	пример	NOUN	_	Animacy=Inan|Case=Dat|Gender=Masc|Number=Sing	_	_	_	@pp1990m-words#@pp1990m#262.268#262.552
692	да	да	PART	_	_	_	_	_	@pp1990m-words#@pp1990m#262.552#262.846
693	тогда	тогда	ADV	_	_	_	_	_	@pp1990m-words#@pp1990m#263.369#263.797
694	собака	собака	NOUN	_	Animacy=Anim|Case=Nom|Gender=Fem|Number=Sing	_	_	_	@pp1990m-words#@pp1990m#263.797#264.225
695	работает	работать	VERB	_	Aspect=Imp|Mood=Ind|Number=Sing|Person=3|Tense=Pres|VerbForm=Fin|Voice=Act	_	_	_	@pp1990m-words#@pp1990m#264.225#264.653
696	и	и	PART	_	_	_	_	_	@pp1990m-words#@pp1990m#264.838#265.177
697	либо	либо	CCONJ	_	_	_	_	_	@pp1990m-words#@pp1990m#265.177#265.516
698	если	если	SCONJ	_	_	_	_	_	@pp1990m-words#@pp1990m#265.516#265.855
699	например	например	ADV	_	_	_	_	_	@pp1990m-words#@pp1990m#265.855#266.194
700	никого	никто	PRON	_	Case=Gen	_	_	_	@pp1990m-words#@pp1990m#266.194#266.533
701	нет	нет	VERB	_	Aspect=Imp|Mood=Ind|Number=Sing|Person=3|Tense=Pres|VerbForm=Fin|Voice=Act	_	_	_	@pp1990m-words#@pp1990m#266.533#266.872
702	дома	дома	ADV	_	Degree=Pos	_	_	_	@pp1990m-words#@pp1990m#266.872#267.215
703	и	и	CCONJ	_	_	_	_	_	@pp1990m-words#@pp1990m#267.876#268.228
704	такая	такой	DET	_	Case=Nom|Gender=Fem|Number=Sing	_	_	_	@pp1990m-words#@pp1990m#268.228#268.58
705	ситуация	ситуация	NOUN	_	Animacy=Inan|Case=Nom|Gender=Fem|Number=Sing	_	_	_	@pp1990m-words#@pp1990m#268.58#268.932
706	пришёл	прийти	VERB	_	Aspect=Perf|Gender=Masc|Mood=Ind|Number=Sing|Tense=Past|VerbForm=Fin|Voice=Act	_	_	_	@pp1990m-words#@pp1990m#268.932#269.284
707	к	к	ADP	_	_	_	_	_	@pp1990m-words#@pp1990m#269.284#269.636
708	примеру	пример	NOUN	_	Animacy=Inan|Case=Dat|Gender=Masc|Number=Sing	_	_	_	@pp1990m-words#@pp1990m#269.636#269.992
709	сосед	сосед	NOUN	_	Animacy=Anim|Case=Nom|Gender=Masc|Number=Sing	_	_	_	@pp1990m-words#@pp1990m#270.446#271.023
710	ааа	ааа	INTJ	_	_	_	_	_	@pp1990m-words#@pp1990m#271.615#272.415
711	и	и	CCONJ	_	_	_	_	_	@pp1990m-words#@pp1990m#272.523#272.889
712	забыл	забыть	VERB	_	Aspect=Perf|Gender=Masc|Mood=Ind|Number=Sing|Tense=Past|VerbForm=Fin|Voice=Act	_	_	_	@pp1990m-words#@pp1990m#272.889#273.255
713	что	что	SCONJ	_	_	_	_	_	@pp1990m-words#@pp1990m#273.255#273.621
714	собака	собака	NOUN	_	Animacy=Anim|Case=Nom|Gender=Fem|Number=Sing	_	_	_	@pp1990m-words#@pp1990m#273.621#273.987
715	дома	дом	ADV	_	_	_	_	_	@pp1990m-words#@pp1990m#273.987#274.353
716	не	не	PART	_	_	_	_	_	@pp1990m-words#@pp1990m#274.446#274.715
717	в	в	ADP	_	_	_	_	_	@pp1990m-words#@pp1990m#274.715#274.984
718	вольере	вольер	NOUN	_	Animacy=Inan|Case=Loc|Gender=Fem|Number=Sing	_	_	_	@pp1990m-words#@pp1990m#274.984#275.253
719	например	например	ADV	_	_	_	_	_	@pp1990m-words#@pp1990m#275.253#275.522
720	а	а	CCONJ	_	_	_	_	_	@pp1990m-words#@pp1990m#275.522#275.791
721	на	на	ADP	_	_	_	_	_	@pp1990m-words#@pp1990m#275.791#276.06
722	территории	территория	NOUN	_	Animacy=Inan|Case=Loc|Gender=Fem|Number=Sing	_	_	_	@pp1990m-words#@pp1990m#276.06#276.33
723	ну	ну	PART	_	_	_	_	_	@pp1990m-words#@pp1990m#276.546#276.902
724	вот	вот	PART	_	_	_	_	_	@pp1990m-words#@pp1990m#276.902#277.258
725	по	по	ADP	_	_	_	_	_	@pp1990m-words#@pp1990m#277.258#277.614
726	какой-то	какой-то	DET	_	Case=Dat|Gender=Fem|Number=Sing	_	_	_	@pp1990m-words#@pp1990m#277.614#277.97
727	причине	причина	NOUN	_	Animacy=Inan|Case=Dat|Gender=Fem|Number=Sing	_	_	_	@pp1990m-words#@pp1990m#277.97#278.326
728	например	например	ADV	_	_	_	_	_	@pp1990m-words#@pp1990m#278.326#278.682
729	человек	человек	NOUN	_	Animacy=Anim|Case=Nom|Gender=Masc|Number=Sing	_	_	_	@pp1990m-words#@pp1990m#278.682#279.038
730	которому	который	PRON	_	Case=Dat	_	_	_	@pp1990m-words#@pp1990m#279.038#279.394
731	собака	собака	NOUN	_	Animacy=Anim|Case=Nom|Gender=Fem|Number=Sing	_	_	_	@pp1990m-words#@pp1990m#279.394#279.753
732	по-хорошему	по-хорошему	ADV	_	_	_	_	_	@pp1990m-words#@pp1990m#279.966#280.281
733	не	не	PART	_	_	_	_	_	@pp1990m-words#@pp1990m#280.281#280.596
734	должна	должный	ADJ	_	Degree=Pos|Gender=Fem|Number=Sing|Variant=Short	_	_	_	@pp1990m-words#@pp1990m#280.596#280.911
735	причинить	причинить	VERB	_	Aspect=Perf|VerbForm=Inf|Voice=Act	_	_	_	@pp1990m-words#@pp1990m#280.911#281.226
736	вред	вред	NOUN	_	Animacy=Inan|Case=Acc|Gender=Masc|Number=Sing	_	_	_	@pp1990m-words#@pp1990m#281.226#281.541
737	это	это	PRON	_	Case=Acc|Gender=Neut|Number=Sing	_	_	_	@pp1990m-words#@pp1990m#281.541#281.856
738	там	там	ADV	_	_	_	_	_	@pp1990m-words#@pp1990m#281.856#282.171
739	друг	друг	NOUN	_	Animacy=Anim|Case=Nom|Gender=Masc|Number=Sing	_	_	_	@pp1990m-words#@pp1990m#282.171#282.486
740	семьи	семья	NOUN	_	Animacy=Inan|Case=Acc|Gender=Fem|Number=Sing	_	_	_	@pp1990m-words#@pp1990m#282.486#282.801
741	это	этот	PRON	_	_	_	_	_	@pp1990m-words#@pp1990m#282.801#283.116
742	сосед	сосед	NOUN	_	Animacy=Anim|Case=Nom|Gender=Masc|Number=Sing	_	_	_	@pp1990m-words#@pp1990m#283.116#283.431
743	и	и	CCONJ	_	_	_	_	_	@pp1990m-words#@pp1990m#283.431#283.746
744	так	так	ADV	_	_	_	_	_	@pp1990m-words#@pp1990m#283.746#284.061
745	далее	далее	ADV	_	_	_	_	_	@pp1990m-words#@pp1990m#284.061#284.376
746	и	и	CCONJ	_	_	_	_	_	@pp1990m-words#@pp1990m#284.376#284.691
747	у	у	ADP	_	_	_	_	_	@pp1990m-words#@pp1990m#284.691#285.006
748	него	он	PRON	_	Case=Gen|Gender=Masc|Number=Sing|Person=3	_	_	_	@pp1990m-words#@pp1990m#285.006#285.321
749	никаких	никакой	DET	_	Case=Gen|Number=Plur	_	_	_	@pp1990m-words#@pp1990m#285.321#285.636
750	нет	нет	VERB	_	Aspect=Imp|Mood=Ind|Number=Sing|Person=3|Tense=Pres|VerbForm=Fin|Voice=Act	_	_	_	@pp1990m-words#@pp1990m#285.636#285.951
751	злых	злой	ADJ	_	Case=Gen|Degree=Pos|Number=Plur	_	_	_	@pp1990m-words#@pp1990m#285.951#286.266
752	намерений	намерение	NOUN	_	Animacy=Inan|Case=Gen|Gender=Neut|Number=Plur	_	_	_	@pp1990m-words#@pp1990m#286.266#286.592
753	но	но	CCONJ	_	_	_	_	_	@pp1990m-words#@pp1990m#286.876#287.139
754	так	так	ADV	_	Degree=Pos	_	_	_	@pp1990m-words#@pp1990m#287.139#287.402
755	получилось	получиться	VERB	_	Aspect=Perf|Gender=Neut|Mood=Ind|Number=Sing|Tense=Past|VerbForm=Fin|Voice=Mid	_	_	_	@pp1990m-words#@pp1990m#287.402#287.665
756	что	что	PRON	_	Case=Acc	_	_	_	@pp1990m-words#@pp1990m#287.665#287.928
757	он	он	PRON	_	Case=Nom|Gender=Masc|Number=Sing|Person=3	_	_	_	@pp1990m-words#@pp1990m#287.928#288.191
758	попал	попасть	VERB	_	Aspect=Perf|Gender=Masc|Mood=Ind|Number=Sing|Tense=Past|VerbForm=Fin|Voice=Act	_	_	_	@pp1990m-words#@pp1990m#288.191#288.454
759	на	на	ADP	_	_	_	_	_	@pp1990m-words#@pp1990m#288.454#288.717
760	территорию	территория	NOUN	_	Animacy=Inan|Case=Acc|Gender=Fem|Number=Sing	_	_	_	@pp1990m-words#@pp1990m#288.717#288.984
761	и	и	CCONJ	_	_	_	_	_	@pp1990m-words#@pp1990m#289.261#289.565
762	там	там	ADV	_	_	_	_	_	@pp1990m-words#@pp1990m#289.565#289.869
763	уже	уже	ADV	_	_	_	_	_	@pp1990m-words#@pp1990m#289.869#290.173
764	есть	быть	VERB	_	Aspect=Imp|Mood=Ind|Number=Sing|Person=3|Tense=Pres|VerbForm=Fin|Voice=Act	_	_	_	@pp1990m-words#@pp1990m#290.173#290.477
765	обученная	обучить	VERB	_	Aspect=Perf|Case=Nom|Gender=Fem|Number=Sing|Tense=Past|VerbForm=Part|Voice=Pass	_	_	_	@pp1990m-words#@pp1990m#290.477#290.784
766	охранная	охранный	ADJ	_	Case=Nom|Degree=Pos|Gender=Fem|Number=Sing	_	_	_	@pp1990m-words#@pp1990m#291.223#291.703
767	собака	собака	NOUN	_	Animacy=Anim|Case=Nom|Gender=Fem|Number=Sing	_	_	_	@pp1990m-words#@pp1990m#291.703#292.184
768	как	как	ADV	_	_	_	_	_	@pp1990m-words#@pp1990m#292.296#292.559
769	она	она	PRON	_	Case=Nom|Gender=Fem|Number=Sing|Person=3	_	_	_	@pp1990m-words#@pp1990m#292.559#292.822
770	должна	должен	ADJ	_	Degree=Pos|Gender=Fem|Number=Sing|Variant=Short	_	_	_	@pp1990m-words#@pp1990m#292.822#293.085
771	себя	себя	PRON	_	Case=Acc	_	_	_	@pp1990m-words#@pp1990m#293.085#293.348
772	вести	вести	VERB	_	Aspect=Imp|VerbForm=Inf|Voice=Act	_	_	_	@pp1990m-words#@pp1990m#293.348#293.615
773	она	она	PRON	_	Case=Nom|Gender=Fem|Number=Sing|Person=3	_	_	_	@pp1990m-words#@pp1990m#293.723#294.103
774	должна	должный	ADJ	_	Degree=Pos|Gender=Fem|Number=Sing|Variant=Short	_	_	_	@pp1990m-words#@pp1990m#294.103#294.483
775	всех	все	PRON	_	Animacy=Anim|Case=Acc|Number=Plur	_	_	_	@pp1990m-words#@pp1990m#294.483#294.863
776	пускать	пускать	VERB	_	Aspect=Imp|VerbForm=Inf|Voice=Act	_	_	_	@pp1990m-words#@pp1990m#294.863#295.246
777	но	но	CCONJ	_	_	_	_	_	@pp1990m-words#@pp1990m#295.576#295.871
778	никого	никто	PRON	_	Case=Gen	_	_	_	@pp1990m-words#@pp1990m#295.871#296.166
779	не	не	PART	_	_	_	_	_	@pp1990m-words#@pp1990m#296.166#296.461
780	выпускать	выпускать	VERB	_	Aspect=Imp|VerbForm=Inf|Voice=Act	_	_	_	@pp1990m-words#@pp1990m#296.461#296.756
781	пока	пока	ADV	_	_	_	_	_	@pp1990m-words#@pp1990m#296.756#297.051
782	не	не	PART	_	_	_	_	_	@pp1990m-words#@pp1990m#297.051#297.346
783	придёт	прийти	VERB	_	Aspect=Perf|Mood=Ind|Number=Sing|Person=3|Tense=Fut|VerbForm=Fin|Voice=Act	_	_	_	@pp1990m-words#@pp1990m#297.346#297.641
784	хозяин	хозяин	NOUN	_	Animacy=Anim|Case=Nom|Gender=Masc|Number=Sing	_	_	_	@pp1990m-words#@pp1990m#297.641#297.938
785	то	то	PRON	_	Animacy=Inan|Case=Nom|Gender=Neut|Number=Sing	_	_	_	@pp1990m-words#@pp1990m#298.042#298.222
786	есть	быть	VERB	_	Aspect=Imp|Mood=Ind|Number=Sing|Person=3|Tense=Pres|VerbForm=Fin|Voice=Act	_	_	_	@pp1990m-words#@pp1990m#298.222#298.402
787	я	я	PRON	_	Case=Nom|Number=Sing|Person=1	_	_	_	@pp1990m-words#@pp1990m#298.402#298.582
788	не	не	PART	_	_	_	_	_	@pp1990m-words#@pp1990m#298.582#298.762
789	знаю	знать	VERB	_	Aspect=Imp|Mood=Ind|Number=Sing|Person=1|Tense=Pres|VerbForm=Fin|Voice=Act	_	_	_	@pp1990m-words#@pp1990m#298.762#298.946
790	зачем	зачем	ADV	_	_	_	_	_	@pp1990m-words#@pp1990m#298.992#299.294
791	ты	ты	PRON	_	Case=Nom|Number=Sing|Person=2	_	_	_	@pp1990m-words#@pp1990m#299.294#299.596
792	пришёл	прийти	VERB	_	Aspect=Perf|Gender=Masc|Mood=Ind|Number=Sing|Tense=Past|VerbForm=Fin|Voice=Act	_	_	_	@pp1990m-words#@pp1990m#299.596#299.898
793	да	да	PART	_	_	_	_	_	@pp1990m-words#@pp1990m#299.898#300.2
794	поэтому	поэтому	ADV	_	_	_	_	_	@pp1990m-words#@pp1990m#300.561#300.907
795	придёт	прийти	VERB	_	Aspect=Perf|Mood=Ind|Number=Sing|Person=3|Tense=Fut|VerbForm=Fin|Voice=Act	_	_	_	@pp1990m-words#@pp1990m#300.907#301.253
796	хозяин	хозяин	NOUN	_	Animacy=Anim|Case=Nom|Gender=Masc|Number=Sing	_	_	_	@pp1990m-words#@pp1990m#301.253#301.599
797	он	он	PRON	_	Case=Nom|Gender=Masc|Number=Sing|Person=3	_	_	_	@pp1990m-words#@pp1990m#301.599#301.945
798	будет	быть	AUX	_	Aspect=Imp|Mood=Ind|Number=Sing|Person=3|Tense=Fut|VerbForm=Fin|Voice=Act	_	_	_	@pp1990m-words#@pp1990m#301.945#302.291
799	разбираться	разбираться	VERB	_	Aspect=Imp|VerbForm=Inf|Voice=Mid	_	_	_	@pp1990m-words#@pp1990m#302.291#302.637
800	а	а	CCONJ	_	_	_	_	_	@pp1990m-words#@pp1990m#302.637#302.983
801	пока	пока	ADV	_	_	_	_	_	@pp1990m-words#@pp1990m#302.983#303.329
802	вы	вы	PRON	_	Case=Nom|Number=Plur|Person=2	_	_	_	@pp1990m-words#@pp1990m#303.329#303.675
803	отдыхайте	отдыхать	VERB	_	Aspect=Imp|Mood=Imp|Number=Plur|Person=2|VerbForm=Fin|Voice=Act	_	_	_	@pp1990m-words#@pp1990m#303.675#304.021
804	здесь	здесь	ADV	_	_	_	_	_	@pp1990m-words#@pp1990m#304.021#304.367
805	располагайтесь	располагаться	VERB	_	Aspect=Imp|Mood=Imp|Number=Plur|Person=2|VerbForm=Fin|Voice=Mid	_	_	_	@pp1990m-words#@pp1990m#304.367#304.713
806	то	то	PRON	_	Animacy=Inan|Case=Nom|Gender=Neut|Number=Sing	_	_	_	@pp1990m-words#@pp1990m#304.713#305.059
807	есть	быть	VERB	_	Aspect=Imp|Mood=Ind|Number=Sing|Person=3|Tense=Pres|VerbForm=Fin|Voice=Act	_	_	_	@pp1990m-words#@pp1990m#305.059#305.405
808	и	и	CCONJ	_	_	_	_	_	@pp1990m-words#@pp1990m#305.405#305.751
809	как	как	ADV	_	_	_	_	_	@pp1990m-words#@pp1990m#305.751#306.097
810	только	только	PART	_	_	_	_	_	@pp1990m-words#@pp1990m#306.097#306.443
811	если	если	SCONJ	_	_	_	_	_	@pp1990m-words#@pp1990m#306.443#306.789
812	кто-то	кто-то	PRON	_	Case=Nom	_	_	_	@pp1990m-words#@pp1990m#306.789#307.135
813	приближается	приближаться	VERB	_	Aspect=Imp|Mood=Ind|Number=Sing|Person=3|Tense=Pres|VerbForm=Fin|Voice=Mid	_	_	_	@pp1990m-words#@pp1990m#307.135#307.5
814	собака	собака	NOUN	_	Animacy=Anim|Case=Nom|Gender=Fem|Number=Sing	_	_	_	@pp1990m-words#@pp1990m#307.623#308.084
815	начинает	начинать	VERB	_	Aspect=Imp|Mood=Ind|Number=Sing|Person=3|Tense=Pres|VerbForm=Fin|Voice=Act	_	_	_	@pp1990m-words#@pp1990m#308.084#308.545
816	рычать	рычать	VERB	_	Aspect=Imp|VerbForm=Inf|Voice=Act	_	_	_	@pp1990m-words#@pp1990m#308.545#309.007
817	если	если	SCONJ	_	_	_	_	_	@pp1990m-words#@pp1990m#309.069#309.374
818	он	он	PRON	_	Case=Nom|Gender=Masc|Number=Sing|Person=3	_	_	_	@pp1990m-words#@pp1990m#309.374#309.679
819	делает	делать	VERB	_	Aspect=Imp|Mood=Ind|Number=Sing|Person=3|Tense=Pres|VerbForm=Fin|Voice=Act	_	_	_	@pp1990m-words#@pp1990m#309.679#309.984
820	ещё	еще	ADV	_	_	_	_	_	@pp1990m-words#@pp1990m#309.984#310.289
821	шаг	шаг	NOUN	_	Animacy=Inan|Case=Acc|Gender=Masc|Number=Sing	_	_	_	@pp1990m-words#@pp1990m#310.289#310.594
822	она	она	PRON	_	Case=Nom|Gender=Fem|Number=Sing|Person=3	_	_	_	@pp1990m-words#@pp1990m#310.594#310.899
823	начинает	начинать	VERB	_	Aspect=Imp|Mood=Ind|Number=Sing|Person=3|Tense=Pres|VerbForm=Fin|Voice=Act	_	_	_	@pp1990m-words#@pp1990m#310.899#311.204
824	скалиться	скалиться	VERB	_	Aspect=Perf|VerbForm=Inf|Voice=Mid	_	_	_	@pp1990m-words#@pp1990m#311.204#311.515
825	если	если	SCONJ	_	_	_	_	_	@pp1990m-words#@pp1990m#311.915#312.195
826	он	он	PRON	_	Case=Nom|Gender=Masc|Number=Sing|Person=3	_	_	_	@pp1990m-words#@pp1990m#312.195#312.475
827	прям	прям	ADV	_	_	_	_	_	@pp1990m-words#@pp1990m#312.475#312.755
828	явно	явно	ADV	_	Degree=Pos	_	_	_	@pp1990m-words#@pp1990m#312.755#313.035
829	пытается	пытаться	VERB	_	Aspect=Imp|Mood=Ind|Number=Sing|Person=3|Tense=Pres|VerbForm=Fin|Voice=Mid	_	_	_	@pp1990m-words#@pp1990m#313.035#313.315
830	выйти	выйти	VERB	_	Aspect=Perf|VerbForm=Inf|Voice=Act	_	_	_	@pp1990m-words#@pp1990m#313.315#313.595
831	она	она	PRON	_	Case=Nom|Gender=Fem|Number=Sing|Person=3	_	_	_	@pp1990m-words#@pp1990m#313.595#313.875
832	может	мочь	VERB	_	Aspect=Imp|Mood=Ind|Number=Sing|Person=3|Tense=Pres|VerbForm=Fin|Voice=Act	_	_	_	@pp1990m-words#@pp1990m#313.875#314.155
833	напасть	напасть	VERB	_	Aspect=Perf|VerbForm=Inf|Voice=Act	_	_	_	@pp1990m-words#@pp1990m#314.155#314.435
834	на	на	ADP	_	_	_	_	_	@pp1990m-words#@pp1990m#314.435#314.715
835	него	он	PRON	_	Case=Acc|Gender=Masc|Number=Sing|Person=3	_	_	_	@pp1990m-words#@pp1990m#314.715#314.995
836	но	но	CCONJ	_	_	_	_	_	@pp1990m-words#@pp1990m#314.995#315.275
837	опять	опять	ADV	_	_	_	_	_	@pp1990m-words#@pp1990m#315.275#315.555
838	таки	таки	PART	_	_	_	_	_	@pp1990m-words#@pp1990m#315.555#315.835
839	не	не	PART	_	_	_	_	_	@pp1990m-words#@pp1990m#315.835#316.115
840	не	не	PART	_	_	_	_	_	@pp1990m-words#@pp1990m#316.151#316.397
841	загрызть	загрызть	VERB	_	Aspect=Perf|VerbForm=Inf|Voice=Act	_	_	_	@pp1990m-words#@pp1990m#316.397#316.643
842	там	там	ADV	_	_	_	_	_	@pp1990m-words#@pp1990m#316.643#316.889
843	не	не	PART	_	_	_	_	_	@pp1990m-words#@pp1990m#316.889#317.135
844	дай	дать	VERB	_	Aspect=Perf|Mood=Imp|Number=Sing|Person=2|VerbForm=Fin|Voice=Act	_	_	_	@pp1990m-words#@pp1990m#317.135#317.381
845	бог	бог	NOUN	_	Animacy=Anim|Case=Nom|Gender=Masc|Number=Sing	_	_	_	@pp1990m-words#@pp1990m#317.381#317.627
846	насмерть	насмерть	ADV	_	Degree=Pos	_	_	_	@pp1990m-words#@pp1990m#317.627#317.874
847	а	а	CCONJ	_	_	_	_	_	@pp1990m-words#@pp1990m#318.146#318.492
848	просто	просто	PART	_	_	_	_	_	@pp1990m-words#@pp1990m#318.492#318.838
849	укусить	укусить	VERB	_	Aspect=Perf|VerbForm=Inf|Voice=Act	_	_	_	@pp1990m-words#@pp1990m#318.838#319.184
850	и	и	CCONJ	_	_	_	_	_	@pp1990m-words#@pp1990m#319.418#319.65
851	отойти	отойти	VERB	_	Aspect=Perf|VerbForm=Inf|Voice=Act	_	_	_	@pp1990m-words#@pp1990m#319.65#319.882
852	да	да	PART	_	_	_	_	_	@pp1990m-words#@pp1990m#319.882#320.115
