1	как	как	ADV	_	_	_	_	_	@yan1988f-words#@yan1988f#102.29#102.544
2	тебе	ты	PRON	_	Case=Dat|Number=Sing|Person=2	_	_	_	@yan1988f-words#@yan1988f#102.544#102.798
3	вообще	вообще	ADV	_	_	_	_	_	@yan1988f-words#@yan1988f#102.798#103.052
4	вот	вот	PART	_	_	_	_	_	@yan1988f-words#@yan1988f#103.052#103.306
5	аудитория	аудитория	NOUN	_	Animacy=Inan|Case=Nom|Gender=Fem|Number=Sing	_	_	_	@yan1988f-words#@yan1988f#103.306#103.56
6	публика	публика	NOUN	_	Animacy=Anim|Case=Gen|Gender=Masc|Number=Sing	_	_	_	@yan1988f-words#@yan1988f#103.56#103.814
7	в	в	ADP	_	_	_	_	_	@yan1988f-words#@yan1988f#103.814#104.068
8	Одессе	Одесса	PROPN	_	Animacy=Inan|Case=Loc|Gender=Fem|Number=Sing	_	_	_	@yan1988f-words#@yan1988f#104.068#104.322
9	?	?	PUNCT	_	_	_	_	_	@yan1988f-words#@yan1988f#104.322#104.576
10	/	/	PUNCT	_	_	_	_	_	@yan1988f-words#@yan1988f#104.576#104.83
11	я	я	PRON	_	Case=Nom|Number=Sing|Person=1	_	_	_	@yan1988f-words#@yan1988f#104.83#105.084
12	понимаю	понимать	VERB	_	Aspect=Imp|Mood=Ind|Number=Sing|Person=1|Tense=Pres|VerbForm=Fin|Voice=Act	_	_	_	@yan1988f-words#@yan1988f#105.084#105.338
13	что	что	SCONJ	_	_	_	_	_	@yan1988f-words#@yan1988f#105.338#105.592
14	дети	ребенок	NOUN	_	Animacy=Anim|Case=Nom|Gender=Masc|Number=Plur	_	_	_	@yan1988f-words#@yan1988f#105.592#105.846
15	они	они	PRON	_	Case=Nom|Number=Plur|Person=3	_	_	_	@yan1988f-words#@yan1988f#105.846#106.1
16	/	/	PUNCT	_	_	_	_	_	@yan1988f-words#@yan1988f#106.1#106.354
17	как	как	SCONJ	_	_	_	_	_	@yan1988f-words#@yan1988f#106.354#106.608
18	будто	будто	PART	_	_	_	_	_	@yan1988f-words#@yan1988f#106.608#106.862
19	бы	бы	PART	_	_	_	_	_	@yan1988f-words#@yan1988f#106.862#107.116
20	везде	везде	ADV	_	_	_	_	_	@yan1988f-words#@yan1988f#107.116#107.37
21	одинаковые	одинаковый	ADJ	_	Case=Nom|Degree=Pos|Number=Plur	_	_	_	@yan1988f-words#@yan1988f#107.37#107.624
22	но	но	CCONJ	_	_	_	_	_	@yan1988f-words#@yan1988f#107.624#107.878
23	что	что	ADV	_	_	_	_	_	@yan1988f-words#@yan1988f#107.878#108.132
24	можешь	мочь	VERB	_	Aspect=Imp|Mood=Ind|Number=Sing|Person=2|Tense=Pres|VerbForm=Fin|Voice=Act	_	_	_	@yan1988f-words#@yan1988f#108.132#108.386
25	сказать	сказать	VERB	_	Aspect=Perf|VerbForm=Inf|Voice=Act	_	_	_	@yan1988f-words#@yan1988f#108.386#108.64
26	про	про	ADP	_	_	_	_	_	@yan1988f-words#@yan1988f#108.64#108.894
27	одесских	одесский	ADJ	_	Animacy=Anim|Case=Acc|Degree=Pos|Number=Plur	_	_	_	@yan1988f-words#@yan1988f#108.894#109.148
28	детей	ребенок	NOUN	_	Animacy=Anim|Case=Acc|Gender=Masc|Number=Plur	_	_	_	@yan1988f-words#@yan1988f#109.148#109.402
29	?	?	PUNCT	_	_	_	_	_	@yan1988f-words#@yan1988f#109.402#109.66
30	вопросик	вопросик	NOUN	_	Animacy=Inan|Case=Nom|Gender=Masc|Number=Sing	_	_	_	@yan1988f-words#@yan1988f#143.33#143.745
31	по	по	ADP	_	_	_	_	_	@yan1988f-words#@yan1988f#143.745#144.16
32	поводу	повод	NOUN	_	Animacy=Inan|Case=Dat|Gender=Masc|Number=Sing	_	_	_	@yan1988f-words#@yan1988f#144.16#144.575
33	хейтеров	хейтер	NOUN	_	Animacy=Inan|Case=Gen|Gender=Masc|Number=Plur	_	_	_	@yan1988f-words#@yan1988f#144.575#144.99
34	хейтеров	хейтер	NOUN	_	Animacy=Anim|Case=Gen|Gender=Masc|Number=Plur	_	_	_	@yan1988f-words#@yan1988f#145.73#145.938
35	/	/	PUNCT	_	_	_	_	_	@yan1988f-words#@yan1988f#145.938#146.146
36	и	и	CCONJ	_	_	_	_	_	@yan1988f-words#@yan1988f#146.146#146.354
37	по	по	ADP	_	_	_	_	_	@yan1988f-words#@yan1988f#146.354#146.562
38	поводу	повод	NOUN	_	Animacy=Inan|Case=Dat|Gender=Masc|Number=Sing	_	_	_	@yan1988f-words#@yan1988f#146.562#146.77
39	тех	тот	DET	_	Case=Gen|Number=Plur	_	_	_	@yan1988f-words#@yan1988f#146.77#146.978
40	кто	кто	PRON	_	Case=Nom	_	_	_	@yan1988f-words#@yan1988f#146.978#147.186
41	тебя	ты	PRON	_	Case=Acc|Number=Sing|Person=2	_	_	_	@yan1988f-words#@yan1988f#147.186#147.394
42	любит	любить	VERB	_	Aspect=Imp|Mood=Ind|Number=Sing|Person=3|Tense=Pres|VerbForm=Fin|Voice=Act	_	_	_	@yan1988f-words#@yan1988f#147.394#147.61
43	сначала	сначала	ADV	_	_	_	_	_	@yan1988f-words#@yan1988f#147.72#148.014
44	хейтеры	хейтер	NOUN	_	Animacy=Anim|Case=Nom|Gender=Masc|Number=Plur	_	_	_	@yan1988f-words#@yan1988f#148.014#148.308
45	да	да	PART	_	_	_	_	_	@yan1988f-words#@yan1988f#148.308#148.602
46	/	/	PUNCT	_	_	_	_	_	@yan1988f-words#@yan1988f#148.602#148.896
47	как	как	ADV	_	Degree=Pos	_	_	_	@yan1988f-words#@yan1988f#148.896#149.19
48	ты	ты	PRON	_	Case=Nom|Number=Sing|Person=2	_	_	_	@yan1988f-words#@yan1988f#149.19#149.484
49	вообще	вообще	ADV	_	Degree=Pos	_	_	_	@yan1988f-words#@yan1988f#149.484#149.778
50	научился	научиться	VERB	_	Aspect=Perf|Gender=Masc|Mood=Ind|Number=Sing|Tense=Past|VerbForm=Fin|Voice=Mid	_	_	_	@yan1988f-words#@yan1988f#149.778#150.072
51	с	с	ADP	_	_	_	_	_	@yan1988f-words#@yan1988f#150.072#150.366
52	ними	они	PRON	_	Case=Ins|Number=Plur|Person=3	_	_	_	@yan1988f-words#@yan1988f#150.366#150.66
53	/	/	PUNCT	_	_	_	_	_	@yan1988f-words#@yan1988f#150.66#150.954
54	не	не	PART	_	Polarity=Neg	_	_	_	@yan1988f-words#@yan1988f#150.954#151.248
55	то	то	PRON	_	Animacy=Inan|Case=Nom|Gender=Neut|Number=Sing	_	_	_	@yan1988f-words#@yan1988f#151.248#151.542
56	чтобы	чтобы	SCONJ	_	_	_	_	_	@yan1988f-words#@yan1988f#151.542#151.836
57	бороться	бороться	VERB	_	Aspect=Imp|VerbForm=Inf|Voice=Mid	_	_	_	@yan1988f-words#@yan1988f#151.836#152.13
58	/	/	PUNCT	_	_	_	_	_	@yan1988f-words#@yan1988f#152.13#152.424
59	а	а	CCONJ	_	_	_	_	_	@yan1988f-words#@yan1988f#152.424#152.718
60	как	как	ADV	_	Degree=Pos	_	_	_	@yan1988f-words#@yan1988f#152.718#153.012
61	ты	ты	PRON	_	Case=Nom|Number=Sing|Person=2	_	_	_	@yan1988f-words#@yan1988f#153.012#153.306
62	научился	научиться	VERB	_	Aspect=Perf|Gender=Masc|Mood=Ind|Number=Sing|Tense=Past|VerbForm=Fin|Voice=Mid	_	_	_	@yan1988f-words#@yan1988f#153.306#153.6
63	реагировать	реагировать	VERB	_	Aspect=Imp|VerbForm=Inf|Voice=Act	_	_	_	@yan1988f-words#@yan1988f#153.6#153.894
64	на	на	ADP	_	_	_	_	_	@yan1988f-words#@yan1988f#153.894#154.188
65	этот	этот	DET	_	Case=Acc|Gender=Masc|Number=Sing	_	_	_	@yan1988f-words#@yan1988f#154.188#154.482
66	негатив	негатив	NOUN	_	Animacy=Inan|Case=Acc|Gender=Masc|Number=Sing	_	_	_	@yan1988f-words#@yan1988f#154.482#154.776
67	?	?	PUNCT	_	_	_	_	_	@yan1988f-words#@yan1988f#154.776#155.079
68	в	в	ADP	_	_	_	_	_	@yan1988f-words#@yan1988f#171.031#171.363
69	комментариях	комментарий	NOUN	_	Animacy=Inan|Case=Loc|Gender=Masc|Number=Plur	_	_	_	@yan1988f-words#@yan1988f#171.363#171.695
70	которые	который	PRON	_	Case=Nom	_	_	_	@yan1988f-words#@yan1988f#171.695#172.027
71	приходят	приходить	VERB	_	Aspect=Imp|Mood=Ind|Number=Plur|Person=3|Tense=Pres|VerbForm=Fin|Voice=Act	_	_	_	@yan1988f-words#@yan1988f#172.027#172.361
72	приходят	приходить	VERB	_	Aspect=Imp|Mood=Ind|Number=Plur|Person=3|Tense=Pres|VerbForm=Fin|Voice=Act	_	_	_	@yan1988f-words#@yan1988f#172.521#172.677
73	же	же	PART	_	_	_	_	_	@yan1988f-words#@yan1988f#172.677#172.833
74	?	?	PUNCT	_	_	_	_	_	@yan1988f-words#@yan1988f#172.833#172.991
75	а	а	CCONJ	_	_	_	_	_	@yan1988f-words#@yan1988f#190.81#191.021
76	как	как	ADV	_	_	_	_	_	@yan1988f-words#@yan1988f#191.021#191.232
77	часто	часто	ADV	_	Degree=Pos	_	_	_	@yan1988f-words#@yan1988f#191.232#191.443
78	вообще	вообще	ADV	_	_	_	_	_	@yan1988f-words#@yan1988f#191.443#191.654
79	отвечаешь	отвечать	VERB	_	Aspect=Imp|Mood=Ind|Number=Sing|Person=2|Tense=Pres|VerbForm=Fin|Voice=Act	_	_	_	@yan1988f-words#@yan1988f#191.654#191.865
80	на	на	ADP	_	_	_	_	_	@yan1988f-words#@yan1988f#191.865#192.076
81	фанатские	фанатский	ADJ	_	Animacy=Inan|Case=Acc|Degree=Pos|Number=Plur	_	_	_	@yan1988f-words#@yan1988f#192.076#192.287
82	комментарии	комментарий	NOUN	_	Animacy=Inan|Case=Acc|Gender=Masc|Number=Plur	_	_	_	@yan1988f-words#@yan1988f#192.287#192.498
83	?	?	PUNCT	_	_	_	_	_	@yan1988f-words#@yan1988f#192.498#192.709
84	/	/	PUNCT	_	_	_	_	_	@yan1988f-words#@yan1988f#192.709#192.92
85	может	мочь	VERB	_	Aspect=Imp|Mood=Ind|Number=Sing|Person=3|Tense=Pres|VerbForm=Fin|Voice=Act	_	_	_	@yan1988f-words#@yan1988f#192.92#193.131
86	у	у	ADP	_	_	_	_	_	@yan1988f-words#@yan1988f#193.131#193.342
87	тебя	ты	PRON	_	Case=Gen|Number=Sing|Person=2	_	_	_	@yan1988f-words#@yan1988f#193.342#193.553
88	есть	быть	VERB	_	Aspect=Imp|Mood=Ind|Number=Sing|Person=3|Tense=Pres|VerbForm=Fin|Voice=Act	_	_	_	@yan1988f-words#@yan1988f#193.553#193.764
89	вообще	вообще	ADV	_	_	_	_	_	@yan1988f-words#@yan1988f#193.764#193.975
90	какой-то	какой-то	DET	_	Case=Nom|Gender=Masc|Number=Sing	_	_	_	@yan1988f-words#@yan1988f#193.975#194.186
91	человек	человек	NOUN	_	Animacy=Anim|Case=Nom|Gender=Masc|Number=Sing	_	_	_	@yan1988f-words#@yan1988f#194.186#194.397
92	который	который	PRON	_	Case=Nom	_	_	_	@yan1988f-words#@yan1988f#194.397#194.608
93	за	за	ADP	_	_	_	_	_	@yan1988f-words#@yan1988f#194.608#194.819
94	тебя	ты	PRON	_	Case=Acc|Number=Sing|Person=2	_	_	_	@yan1988f-words#@yan1988f#194.819#195.03
95	/	/	PUNCT	_	_	_	_	_	@yan1988f-words#@yan1988f#195.03#195.241
96	отвечает	отвечать	VERB	_	Aspect=Imp|Mood=Ind|Number=Sing|Person=3|Tense=Pres|VerbForm=Fin|Voice=Act	_	_	_	@yan1988f-words#@yan1988f#195.241#195.452
97	?	?	PUNCT	_	_	_	_	_	@yan1988f-words#@yan1988f#195.452#195.68
98	Ян	Ян	PROPN	_	Animacy=Anim|Case=Nom|Gender=Masc|Number=Sing	_	_	_	@yan1988f-words#@yan1988f#221.03#221.368
99	/	/	PUNCT	_	_	_	_	_	@yan1988f-words#@yan1988f#221.368#221.706
100	я	я	PRON	_	Case=Nom|Number=Sing|Person=1	_	_	_	@yan1988f-words#@yan1988f#221.706#222.044
101	посмотрела	посмотреть	VERB	_	Aspect=Perf|Gender=Fem|Mood=Ind|Number=Sing|Tense=Past|VerbForm=Fin|Voice=Act	_	_	_	@yan1988f-words#@yan1988f#222.044#222.382
102	ваш	ваш	DET	_	Case=Acc|Gender=Masc|Number=Sing	_	_	_	@yan1988f-words#@yan1988f#222.382#222.72
103	дисс	дисс	NOUN	_	Animacy=Inan|Case=Acc|Gender=Masc|Number=Sing	_	_	_	@yan1988f-words#@yan1988f#222.72#223.058
104	на	на	ADP	_	_	_	_	_	@yan1988f-words#@yan1988f#223.058#223.396
105	Соболева	Соболев	PROPN	_	Animacy=Anim|Case=Acc|Gender=Masc|Number=Sing	_	_	_	@yan1988f-words#@yan1988f#223.396#223.734
106	и	и	CCONJ	_	_	_	_	_	@yan1988f-words#@yan1988f#223.734#224.072
107	/	/	PUNCT	_	_	_	_	_	@yan1988f-words#@yan1988f#224.072#224.41
108	Гнойного	Гнойный	PROPN	_	Animacy=Anim|Case=Acc|Gender=Masc|Number=Sing	_	_	_	@yan1988f-words#@yan1988f#224.41#224.748
109	который	который	PRON	_	Case=Nom	_	_	_	@yan1988f-words#@yan1988f#224.748#225.086
110	вышел	выйти	VERB	_	Aspect=Perf|Gender=Masc|Mood=Ind|Number=Sing|Tense=Past|VerbForm=Fin|Voice=Act	_	_	_	@yan1988f-words#@yan1988f#225.086#225.424
111	буквально	буквально	ADV	_	Degree=Pos	_	_	_	@yan1988f-words#@yan1988f#225.424#225.762
112	вот	вот	PART	_	_	_	_	_	@yan1988f-words#@yan1988f#225.762#226.11
113	позавчера	позавчера	ADV	_	_	_	_	_	@yan1988f-words#@yan1988f#226.265#226.66
114	позавчера	позавчера	ADV	_	_	_	_	_	@yan1988f-words#@yan1988f#227.49#227.91
115	да	да	CCONJ	_	_	_	_	_	@yan1988f-words#@yan1988f#227.91#228.33
116	кто	кто	ADV	_	_	_	_	_	@yan1988f-words#@yan1988f#241.51#241.89
117	гострайтер	гострайтер	NOUN	_	Animacy=Anim|Case=Nom|Gender=Masc|Number=Sing	_	_	_	@yan1988f-words#@yan1988f#241.89#242.27
118	текста	текст	NOUN	_	Animacy=Inan|Case=Gen|Gender=Masc|Number=Sing	_	_	_	@yan1988f-words#@yan1988f#242.27#242.65
119	?	?	PUNCT	_	_	_	_	_	@yan1988f-words#@yan1988f#242.65#243.03
120	а	а	CCONJ	_	_	_	_	_	@yan1988f-words#@yan1988f#262.25#262.493
121	вообще	вообще	ADV	_	_	_	_	_	@yan1988f-words#@yan1988f#262.493#262.736
122	/	/	PUNCT	_	_	_	_	_	@yan1988f-words#@yan1988f#262.736#262.979
123	все	все	PRON	_	Animacy=Inan|Case=Nom|Gender=Neut|Number=Sing	_	_	_	@yan1988f-words#@yan1988f#262.979#263.222
124	/	/	PUNCT	_	_	_	_	_	@yan1988f-words#@yan1988f#263.222#263.465
125	другие	другой	ADJ	_	Case=Nom|Degree=Pos|Number=Plur	_	_	_	@yan1988f-words#@yan1988f#263.465#263.708
126	тексты	текст	NOUN	_	Animacy=Inan|Case=Nom|Gender=Masc|Number=Plur	_	_	_	@yan1988f-words#@yan1988f#263.708#263.951
127	или	или	CCONJ	_	_	_	_	_	@yan1988f-words#@yan1988f#263.951#264.194
128	возможно	возможно	ADV	_	_	_	_	_	@yan1988f-words#@yan1988f#264.194#264.437
129	даже	даже	PART	_	_	_	_	_	@yan1988f-words#@yan1988f#264.437#264.68
130	сценарии	сценарий	NOUN	_	Animacy=Inan|Case=Acc|Gender=Masc|Number=Plur	_	_	_	@yan1988f-words#@yan1988f#264.68#264.923
131	для	для	ADP	_	_	_	_	_	@yan1988f-words#@yan1988f#264.923#265.166
132	блогов	блог	NOUN	_	Animacy=Anim|Case=Gen|Gender=Masc|Number=Plur	_	_	_	@yan1988f-words#@yan1988f#265.166#265.409
133	ты	ты	PRON	_	Case=Nom|Number=Sing|Person=2	_	_	_	@yan1988f-words#@yan1988f#265.409#265.652
134	пишешь	писать	VERB	_	Aspect=Imp|Mood=Ind|Number=Sing|Person=2|Tense=Pres|VerbForm=Fin|Voice=Act	_	_	_	@yan1988f-words#@yan1988f#265.652#265.895
135	сам	сам	PRON	_	Case=Nom|Degree=Pos|Gender=Masc|Number=Sing	_	_	_	@yan1988f-words#@yan1988f#265.895#266.138
136	/	/	PUNCT	_	_	_	_	_	@yan1988f-words#@yan1988f#266.138#266.381
137	или	или	CCONJ	_	_	_	_	_	@yan1988f-words#@yan1988f#266.381#266.624
138	также	также	PART	_	_	_	_	_	@yan1988f-words#@yan1988f#266.624#266.867
139	само	само	Х	_	Foreign=Yes	_	_	_	@yan1988f-words#@yan1988f#266.867#267.11
140	с	с	ADP	_	_	_	_	_	@yan1988f-words#@yan1988f#267.11#267.353
141	этим	этот	DET	_	Case=Ins|Gender=Masc|Number=Sing	_	_	_	@yan1988f-words#@yan1988f#267.353#267.596
142	человеком	человек	NOUN	_	Animacy=Anim|Case=Ins|Gender=Masc|Number=Sing	_	_	_	@yan1988f-words#@yan1988f#267.596#267.839
143	?	?	PUNCT	_	_	_	_	_	@yan1988f-words#@yan1988f#267.839#268.105
144	многие	многий	ADJ	_	Case=Nom|Degree=Pos|Gender=Masc|Number=Plur	_	_	_	@yan1988f-words#@yan1988f#278.07#278.65
145	режиссёры	режиссёр	NOUN	_	Animacy=Inan|Case=Nom|Gender=Masc|Number=Plur	_	_	_	@yan1988f-words#@yan1988f#278.65#279.23
146	мм	мм	INTJ	_	_	_	_	_	@yan1988f-words#@yan1988f#279.23#279.81
147	выбирают	выбирать	VERB	_	Aspect=Imp|Mood=Ind|Number=Plur|Person=3|Tense=Pres|VerbForm=Fin|Voice=Act	_	_	_	@yan1988f-words#@yan1988f#279.81#280.39
148	себе	себя	PRON	_	Case=Dat	_	_	_	@yan1988f-words#@yan1988f#280.39#280.97
149	актёров	актер	NOUN	_	Animacy=Anim|Case=Acc|Gender=Masc|Number=Plur	_	_	_	@yan1988f-words#@yan1988f#280.97#281.55
150	сейчас	сейчас	ADV	_	_	_	_	_	@yan1988f-words#@yan1988f#281.55#282.13
151	непосредственно	непосредственно	ADV	_	Degree=Pos	_	_	_	@yan1988f-words#@yan1988f#282.13#282.71
152	относительно	относительно	ADV	_	Degree=Pos	_	_	_	@yan1988f-words#@yan1988f#283.04#283.415
153	через	через	ADP	_	_	_	_	_	@yan1988f-words#@yan1988f#283.415#283.79
154	инстаграм	инстаграм	PROPN	_	Animacy=Inan|Case=Dat|Gender=Masc|Number=Plur	_	_	_	@yan1988f-words#@yan1988f#283.79#284.165
155	следят	следить	VERB	_	Aspect=Imp|Mood=Ind|Number=Plur|Person=3|Tense=Pres|VerbForm=Fin|Voice=Act	_	_	_	@yan1988f-words#@yan1988f#284.165#284.54
156	за	за	ADP	_	_	_	_	_	@yan1988f-words#@yan1988f#284.54#284.915
157	ними	они	PRON	_	Case=Ins|Number=Plur|Person=3	_	_	_	@yan1988f-words#@yan1988f#284.915#285.29
158	/	/	PUNCT	_	_	_	_	_	@yan1988f-words#@yan1988f#285.29#285.665
159	наблюдают	наблюдать	VERB	_	Aspect=Imp|Mood=Ind|Number=Plur|Person=3|Tense=Pres|VerbForm=Fin|Voice=Act	_	_	_	@yan1988f-words#@yan1988f#285.665#286.04
160	их	они	PRON	_	Case=Acc|Number=Plur|Person=3	_	_	_	@yan1988f-words#@yan1988f#286.04#286.415
161	скетчи	скетч	NOUN	_	Animacy=Inan|Case=Acc|Gender=Fem|Number=Plur	_	_	_	@yan1988f-words#@yan1988f#286.415#286.79
162	да	да	CCONJ	_	_	_	_	_	@yan1988f-words#@yan1988f#286.79#287.165
163	/	/	PUNCT	_	_	_	_	_	@yan1988f-words#@yan1988f#287.165#287.54
164	какие-то	какой-то	DET	_	Case=Acc|Number=Plur	_	_	_	@yan1988f-words#@yan1988f#287.54#287.915
165	сториз	стори	NOUN	_	Animacy=Inan|Case=Acc|Gender=Masc|Number=Plur	_	_	_	@yan1988f-words#@yan1988f#287.915#288.3
166	и	и	CCONJ	_	_	_	_	_	@yan1988f-words#@yan1988f#288.659#289.002
167	подбирают	подбирать	VERB	_	Aspect=Imp|Mood=Ind|Number=Plur|Person=3|Tense=Pres|VerbForm=Fin|Voice=Act	_	_	_	@yan1988f-words#@yan1988f#289.002#289.345
168	талантливых	талантливый	ADJ	_	Animacy=Anim|Case=Acc|Degree=Pos|Number=Plur	_	_	_	@yan1988f-words#@yan1988f#289.345#289.688
169	молодых	молодой	ADJ	_	Case=Gen|Degree=Pos|Number=Plur	_	_	_	@yan1988f-words#@yan1988f#289.688#290.031
170	ребят	ребята	NOUN	_	Animacy=Anim|Case=Gen|Gender=Neut|Number=Plur	_	_	_	@yan1988f-words#@yan1988f#290.031#290.374
171	и	и	CCONJ	_	_	_	_	_	@yan1988f-words#@yan1988f#290.374#290.717
172	потом	потом	ADV	_	_	_	_	_	@yan1988f-words#@yan1988f#290.717#291.06
173	приглашают	приглашать	VERB	_	Aspect=Imp|Mood=Ind|Number=Plur|Person=3|Tense=Pres|VerbForm=Fin|Voice=Act	_	_	_	@yan1988f-words#@yan1988f#291.06#291.403
174	их	они	PRON	_	Case=Acc|Number=Plur|Person=3	_	_	_	@yan1988f-words#@yan1988f#291.403#291.746
175	для	для	ADP	_	_	_	_	_	@yan1988f-words#@yan1988f#291.746#292.089
176	съёмок	съёмка	NOUN	_	Animacy=Inan|Case=Gen|Gender=Fem|Number=Plur	_	_	_	@yan1988f-words#@yan1988f#292.089#292.432
177	в	в	ADP	_	_	_	_	_	@yan1988f-words#@yan1988f#292.432#292.775
178	большо..	большом	ADJ	_	Case=Loc|Degree=Pos|Gender=Masc|Number=Sing	_	_	_	@yan1988f-words#@yan1988f#292.775#293.118
179	ну	ну	PART	_	_	_	_	_	@yan1988f-words#@yan1988f#293.118#293.461
180	в	в	ADP	_	_	_	_	_	@yan1988f-words#@yan1988f#293.461#293.804
181	больших	большой	ADJ	_	Case=Loc|Degree=Pos|Number=Plur	_	_	_	@yan1988f-words#@yan1988f#293.804#294.147
182	каких-то	какой-то	DET	_	Case=Loc|Number=Plur	_	_	_	@yan1988f-words#@yan1988f#294.147#294.49
183	мегакрутых	мегакрутой	ADJ	_	Case=Loc|Degree=Pos|Number=Plur	_	_	_	@yan1988f-words#@yan1988f#294.49#294.833
184	возможно	возможно	ADV	_	_	_	_	_	@yan1988f-words#@yan1988f#294.833#295.176
185	фильмах	фильм	NOUN	_	Animacy=Inan|Case=Loc|Gender=Masc|Number=Plur	_	_	_	@yan1988f-words#@yan1988f#295.176#295.53
186	как	как	ADV	_	_	_	_	_	@yan1988f-words#@yan1988f#295.91#296.181
187	ты	ты	PRON	_	Case=Nom|Number=Sing|Person=2	_	_	_	@yan1988f-words#@yan1988f#296.181#296.452
188	к	к	ADP	_	_	_	_	_	@yan1988f-words#@yan1988f#296.452#296.723
189	этому	это	PRON	_	Animacy=Inan|Case=Dat|Gender=Neut|Number=Sing	_	_	_	@yan1988f-words#@yan1988f#296.723#296.994
190	относишься	относиться	VERB	_	Aspect=Imp|Mood=Ind|Number=Sing|Person=2|Tense=Pres|VerbForm=Fin|Voice=Mid	_	_	_	@yan1988f-words#@yan1988f#296.994#297.265
191	и	и	CCONJ	_	_	_	_	_	@yan1988f-words#@yan1988f#297.265#297.536
192	хотел	хотеть	VERB	_	Aspect=Imp|Gender=Masc|Mood=Ind|Number=Sing|Tense=Past|VerbForm=Fin|Voice=Act	_	_	_	@yan1988f-words#@yan1988f#297.536#297.807
193	бы	бы	PART	_	_	_	_	_	@yan1988f-words#@yan1988f#297.807#298.078
194	себя	себя	PRON	_	Case=Acc	_	_	_	@yan1988f-words#@yan1988f#298.078#298.349
195	попробовать	попробовать	VERB	_	Aspect=Perf|VerbForm=Inf|Voice=Act	_	_	_	@yan1988f-words#@yan1988f#298.349#298.62
196	в	в	ADP	_	_	_	_	_	@yan1988f-words#@yan1988f#298.62#298.891
197	роли	роль	NOUN	_	Animacy=Inan|Case=Loc|Gender=Fem|Number=Sing	_	_	_	@yan1988f-words#@yan1988f#298.891#299.162
198	/	/	PUNCT	_	_	_	_	_	@yan1988f-words#@yan1988f#299.162#299.433
199	а..	актёр	PROPN	_	Animacy=Anim|Case=Nom|Gender=Masc|Number=Sing	_	_	_	@yan1988f-words#@yan1988f#299.433#299.704
200	актёра	актер	PROPN	_	Animacy=Anim|Case=Nom|Gender=Masc|Number=Sing	_	_	_	@yan1988f-words#@yan1988f#299.704#299.975
201	?	?	PUNCT	_	_	_	_	_	@yan1988f-words#@yan1988f#299.975#300.246
202	/	/	PUNCT	_	_	_	_	_	@yan1988f-words#@yan1988f#300.246#300.517
203	потому	потому	ADV	_	_	_	_	_	@yan1988f-words#@yan1988f#300.517#300.788
204	что	что	SCONJ	_	_	_	_	_	@yan1988f-words#@yan1988f#300.788#301.059
205	я	я	PRON	_	Case=Nom|Number=Sing|Person=1	_	_	_	@yan1988f-words#@yan1988f#301.059#301.33
206	/	/	PUNCT	_	_	_	_	_	@yan1988f-words#@yan1988f#301.33#301.601
207	кстати	кстати	ADV	_	_	_	_	_	@yan1988f-words#@yan1988f#301.601#301.872
208	/	/	PUNCT	_	_	_	_	_	@yan1988f-words#@yan1988f#301.872#302.143
209	видела	видеть	VERB	_	Aspect=Imp|Gender=Fem|Mood=Ind|Number=Sing|Tense=Past|VerbForm=Fin|Voice=Act	_	_	_	@yan1988f-words#@yan1988f#302.143#302.414
210	амм	амм	INTJ	_	_	_	_	_	@yan1988f-words#@yan1988f#302.414#302.685
211	одно	один	NUM	_	Case=Nom|Gender=Neut	_	_	_	@yan1988f-words#@yan1988f#302.685#302.956
212	из	из	ADP	_	_	_	_	_	@yan1988f-words#@yan1988f#302.956#303.227
213	последних	последний	ADJ	_	Case=Gen|Degree=Pos|Number=Plur	_	_	_	@yan1988f-words#@yan1988f#303.227#303.498
214	видео	видео	NOUN	_	Animacy=Inan|Case=Gen|Gender=Neut|Number=Sing	_	_	_	@yan1988f-words#@yan1988f#303.498#303.769
215	вместе	вместе	ADV	_	_	_	_	_	@yan1988f-words#@yan1988f#303.769#304.04
216	с	с	ADP	_	_	_	_	_	@yan1988f-words#@yan1988f#304.04#304.311
217	Русланом	Руслан	PROPN	_	Animacy=Anim|Case=Ins|Gender=Masc|Number=Sing	_	_	_	@yan1988f-words#@yan1988f#304.311#304.582
218	Кузнецовым	Кузнецов	PROPN	_	Animacy=Anim|Case=Ins|Gender=Masc|Number=Sing	_	_	_	@yan1988f-words#@yan1988f#304.582#304.853
219	/	/	PUNCT	_	_	_	_	_	@yan1988f-words#@yan1988f#304.853#305.124
220	который	который	PRON	_	Case=Nom	_	_	_	@yan1988f-words#@yan1988f#305.124#305.395
221	здесь	здесь	ADV	_	_	_	_	_	@yan1988f-words#@yan1988f#305.395#305.666
222	вот	вот	PART	_	_	_	_	_	@yan1988f-words#@yan1988f#305.666#305.937
223	сейчас	сейчас	ADV	_	_	_	_	_	@yan1988f-words#@yan1988f#305.937#306.208
224	за	за	ADP	_	_	_	_	_	@yan1988f-words#@yan1988f#306.208#306.479
225	стенкой	стенка	NOUN	_	Animacy=Inan|Case=Ins|Gender=Fem|Number=Sing	_	_	_	@yan1988f-words#@yan1988f#306.479#306.75
226	/	/	PUNCT	_	_	_	_	_	@yan1988f-words#@yan1988f#306.75#307.021
227	и	и	CCONJ	_	_	_	_	_	@yan1988f-words#@yan1988f#307.021#307.292
228	вы	вы	PRON	_	Case=Nom|Number=Plur|Person=2	_	_	_	@yan1988f-words#@yan1988f#307.292#307.563
229	там	там	ADV	_	Degree=Pos	_	_	_	@yan1988f-words#@yan1988f#307.563#307.834
230	/	/	PUNCT	_	_	_	_	_	@yan1988f-words#@yan1988f#307.834#308.105
231	у	у	ADP	_	_	_	_	_	@yan1988f-words#@yan1988f#308.105#308.376
232	вас	вы	PRON	_	Case=Gen|Number=Plur|Person=2	_	_	_	@yan1988f-words#@yan1988f#308.376#308.647
233	реальная	реальный	ADJ	_	Case=Nom|Degree=Pos|Gender=Fem|Number=Sing	_	_	_	@yan1988f-words#@yan1988f#308.647#308.918
234	какая-то	какой-то	DET	_	Case=Nom|Gender=Fem|Number=Sing	_	_	_	@yan1988f-words#@yan1988f#308.918#309.189
235	театральная	театральный	ADJ	_	Case=Nom|Degree=Pos|Gender=Fem|Number=Sing	_	_	_	@yan1988f-words#@yan1988f#309.189#309.46
236	постановка	постановка	NOUN	_	Animacy=Inan|Case=Nom|Gender=Fem|Number=Sing	_	_	_	@yan1988f-words#@yan1988f#309.46#309.731
237	/	/	PUNCT	_	_	_	_	_	@yan1988f-words#@yan1988f#309.731#310.002
238	ты	ты	PRON	_	Case=Nom|Number=Sing|Person=2	_	_	_	@yan1988f-words#@yan1988f#310.002#310.273
239	прям	прям	ADV	_	Degree=Pos	_	_	_	@yan1988f-words#@yan1988f#310.273#310.544
240	как	как	PART	_		_	_	_	@yan1988f-words#@yan1988f#310.544#310.815
241	актёр	актёр	NOUN	_	Animacy=Anim|Case=Nom|Gender=Masc|Number=Sing	_	_	_	@yan1988f-words#@yan1988f#310.815#311.1
242	несмотря	несмотря	ADP	_	_	_	_	_	@yan1988f-words#@yan1988f#338.07#338.288
243	на	на	ADP	_	_	_	_	_	@yan1988f-words#@yan1988f#338.288#338.506
244	то	то	PRON	_	Animacy=Inan|Case=Acc|Gender=Neut|Number=Sing	_	_	_	@yan1988f-words#@yan1988f#338.506#338.724
245	что	что	SCONJ	_	_	_	_	_	@yan1988f-words#@yan1988f#338.724#338.942
246	мы	мы	PRON	_	Case=Nom|Number=Plur|Person=1	_	_	_	@yan1988f-words#@yan1988f#338.942#339.16
247	живём	жить	NOUN	_	Animacy=Inan|Case=Ins|Gender=Masc|Number=Sing	_	_	_	@yan1988f-words#@yan1988f#339.16#339.378
248	в	в	ADP	_	_	_	_	_	@yan1988f-words#@yan1988f#339.378#339.596
249	двадцать	двадцать	NUM	_	Case=Loc	_	_	_	@yan1988f-words#@yan1988f#339.596#339.814
250	первом	первый	ADJ	_	Case=Loc|Degree=Pos|Gender=Masc|Number=Sing	_	_	_	@yan1988f-words#@yan1988f#339.814#340.032
251	веке	век	NOUN	_	Animacy=Inan|Case=Loc|Gender=Masc|Number=Sing	_	_	_	@yan1988f-words#@yan1988f#340.032#340.25
252	всё	все	PART	_	_	_	_	_	@yan1988f-words#@yan1988f#340.25#340.468
253	равно	равный	ADJ	_	Degree=Pos|Gender=Neut|Number=Sing|Variant=Short	_	_	_	@yan1988f-words#@yan1988f#340.468#340.686
254	/	/	PUNCT	_	_	_	_	_	@yan1988f-words#@yan1988f#340.686#340.904
255	появляются	появляться	VERB	_	Aspect=Imp|Mood=Ind|Number=Plur|Person=3|Tense=Pres|VerbForm=Fin|Voice=	_	_	_	@yan1988f-words#@yan1988f#340.904#341.122
256	такие	такой	DET	_	Case=Nom|Number=Plur	_	_	_	@yan1988f-words#@yan1988f#341.122#341.34
257	вопросы	вопрос	NOUN	_	Animacy=Inan|Case=Nom|Gender=Masc|Number=Plur	_	_	_	@yan1988f-words#@yan1988f#341.34#341.558
258	/	/	PUNCT	_	_	_	_	_	@yan1988f-words#@yan1988f#341.558#341.776
259	аа	аа	INTJ	_	_	_	_	_	@yan1988f-words#@yan1988f#341.776#341.994
260	а	а	CCONJ	_	_	_	_	_	@yan1988f-words#@yan1988f#341.994#342.212
261	смысл	смысл	NOUN	_	Animacy=Inan|Case=Nom|Gender=Masc|Number=Sing	_	_	_	@yan1988f-words#@yan1988f#342.212#342.43
262	вот	вот	PART	_	_	_	_	_	@yan1988f-words#@yan1988f#342.43#342.648
263	этих	этот	DET	_	Case=Gen|Number=Plur	_	_	_	@yan1988f-words#@yan1988f#342.648#342.866
264	лайков	лайк	NOUN	_	Animacy=Inan|Case=Gen|Gender=Masc|Number=Plur	_	_	_	@yan1988f-words#@yan1988f#342.866#343.084
265	?	?	PUNCT	_	_	_	_	_	@yan1988f-words#@yan1988f#343.084#343.302
266	/	/	PUNCT	_	_	_	_	_	@yan1988f-words#@yan1988f#343.302#343.52
267	смысл	смысл	NOUN	_	Animacy=Inan|Case=Nom|Gender=Masc|Number=Sing	_	_	_	@yan1988f-words#@yan1988f#343.52#343.738
268	вот	вот	PART	_	_	_	_	_	@yan1988f-words#@yan1988f#343.738#343.956
269	этих	этот	DET	_	Case=Gen|Number=Plur	_	_	_	@yan1988f-words#@yan1988f#343.956#344.174
270	подписчиков	подписчик	NOUN	_	Animacy=Anim|Case=Gen|Gender=Masc|Number=Plur	_	_	_	@yan1988f-words#@yan1988f#344.174#344.392
271	?	?	PUNCT	_	_	_	_	_	@yan1988f-words#@yan1988f#344.392#344.61
272	/	/	PUNCT	_	_	_	_	_	@yan1988f-words#@yan1988f#344.61#344.828
273	ну	ну	PART	_	_	_	_	_	@yan1988f-words#@yan1988f#344.828#345.046
274	/	/	PUNCT	_	_	_	_	_	@yan1988f-words#@yan1988f#345.046#345.264
275	то	то	PRON	_	Animacy=Inan|Case=Nom|Gender=Neut|Number=Sing	_	_	_	@yan1988f-words#@yan1988f#345.264#345.482
276	есть	быть	VERB	_	Aspect=Imp|Mood=Ind|Number=Sing|Person=3|Tense=Pres|VerbForm=Fin|Voice=Act	_	_	_	@yan1988f-words#@yan1988f#345.482#345.7
277	/	/	PUNCT	_	_	_	_	_	@yan1988f-words#@yan1988f#345.7#345.918
278	что	что	SCONJ	_	_	_	_	_	@yan1988f-words#@yan1988f#345.918#346.136
279	они	они	PRON	_	Case=Nom|Number=Plur|Person=3	_	_	_	@yan1988f-words#@yan1988f#346.136#346.354
280	вам	вы	PRON	_	Case=Dat|Number=Plur|Person=2	_	_	_	@yan1988f-words#@yan1988f#346.354#346.572
281	дают	давать	VERB	_	Aspect=Imp|Mood=Ind|Number=Plur|Person=3|Tense=Pres|VerbForm=Fin|Voice=Act	_	_	_	@yan1988f-words#@yan1988f#346.572#346.79
282	?	?	PUNCT	_	_	_	_	_	@yan1988f-words#@yan1988f#346.79#347.008
283	/	/	PUNCT	_	_	_	_	_	@yan1988f-words#@yan1988f#347.008#347.226
284	ну	ну	PART	_	_	_	_	_	@yan1988f-words#@yan1988f#347.226#347.444
285	и	и	CCONJ	_	_	_	_	_	@yan1988f-words#@yan1988f#347.444#347.662
286	как	как	ADV	_	_	_	_	_	@yan1988f-words#@yan1988f#347.662#347.88
287	бы	бы	PART	_	_	_	_	_	@yan1988f-words#@yan1988f#347.88#348.098
288	отсюда	отсюда	ADV	_	_	_	_	_	@yan1988f-words#@yan1988f#348.098#348.316
289	выплывает	выплывать	VERB	_	Aspect=Imp|Mood=Ind|Number=Sing|Person=3|Tense=Pres|VerbForm=Fin|Voice=Act	_	_	_	@yan1988f-words#@yan1988f#348.316#348.534
290	вопрос	вопрос	NOUN	_	Animacy=Inan|Case=Nom|Gender=Masc|Number=Sing	_	_	_	@yan1988f-words#@yan1988f#348.534#348.752
291	как	как	ADV	_	_	_	_	_	@yan1988f-words#@yan1988f#348.752#348.97
292	вы	вы	PRON	_	Case=Nom|Number=Plur|Person=2	_	_	_	@yan1988f-words#@yan1988f#348.97#349.188
293	всё	всё	PRON	_	Animacy=Inan|Case=Acc|Gender=Neut|Number=Sing	_	_	_	@yan1988f-words#@yan1988f#349.188#349.406
294	это	это	PRON	_	Animacy=Inan|Case=Acc|Gender=Neut|Number=Sing	_	_	_	@yan1988f-words#@yan1988f#349.406#349.624
295	монетизируете	монетизировать	VERB	_	Aspect=Imp|Mood=Ind|Number=Plur|Person=2|Tense=Pres|VerbForm=Fin|Voice=Act	_	_	_	@yan1988f-words#@yan1988f#349.624#349.842
296	?	?	PUNCT	_	_	_	_	_	@yan1988f-words#@yan1988f#349.842#350.09
297	кого	кто	PRON	_	Case=Acc	_	_	_	@yan1988f-words#@yan1988f#388.32#388.522
298	ты	ты	PRON	_	Case=Nom|Number=Sing|Person=2	_	_	_	@yan1988f-words#@yan1988f#388.522#388.724
299	смотришь	смотреть	VERB	_	Aspect=Imp|Mood=Ind|Number=Sing|Person=2|Tense=Pres|VerbForm=Fin|Voice=Act	_	_	_	@yan1988f-words#@yan1988f#388.724#388.926
300	/	/	PUNCT	_	_	_	_	_	@yan1988f-words#@yan1988f#388.926#389.128
301	да	да	PART	_	_	_	_	_	@yan1988f-words#@yan1988f#389.128#389.33
302	?	?	PUNCT	_	_	_	_	_	@yan1988f-words#@yan1988f#389.33#389.532
303	/	/	PUNCT	_	_	_	_	_	@yan1988f-words#@yan1988f#389.532#389.734
304	на	на	ADP	_	_	_	_	_	@yan1988f-words#@yan1988f#389.734#389.936
305	кого	кто	PRON	_	Case=Acc	_	_	_	@yan1988f-words#@yan1988f#389.936#390.138
306	ты	ты	PRON	_	Case=Nom|Number=Sing|Person=2	_	_	_	@yan1988f-words#@yan1988f#390.138#390.34
307	подписан	подписать	VERB	_	Aspect=Perf|Gender=Masc|Number=Sing|Tense=Past|Variant=Short|VerbForm=Part|Voice=Pass	_	_	_	@yan1988f-words#@yan1988f#390.34#390.542
308	?	?	PUNCT	_	_	_	_	_	@yan1988f-words#@yan1988f#390.542#390.744
309	/	/	PUNCT	_	_	_	_	_	@yan1988f-words#@yan1988f#390.744#390.946
310	неважно	неважно	ADV	_	Degree=Pos	_	_	_	@yan1988f-words#@yan1988f#390.946#391.148
311	/	/	PUNCT	_	_	_	_	_	@yan1988f-words#@yan1988f#391.148#391.35
312	это	это	PRON	_	Animacy=Inan|Case=Nom|Gender=Neut|Number=Sing	_	_	_	@yan1988f-words#@yan1988f#391.35#391.552
313	зарубежные	зарубежный	ADJ	_	Case=Nom|Degree=Pos|Number=Plur	_	_	_	@yan1988f-words#@yan1988f#391.552#391.754
314	или	или	CCONJ	_	_	_	_	_	@yan1988f-words#@yan1988f#391.754#391.956
315	наши	наш	DET	_	Case=Nom|Number=Plur	_	_	_	@yan1988f-words#@yan1988f#391.956#392.158
316	блогеры	блогер	NOUN	_	Animacy=Inan|Case=Nom|Gender=Masc|Number=Plur	_	_	_	@yan1988f-words#@yan1988f#392.158#392.36
317	кто	кто	ADV	_	_	_	_	_	@yan1988f-words#@yan1988f#392.36#392.562
318	эти	этот	DET	_	Case=Nom|Number=Plur	_	_	_	@yan1988f-words#@yan1988f#392.562#392.764
319	люди	человек	NOUN	_	Animacy=Anim|Case=Nom|Gender=Masc|Number=Plur	_	_	_	@yan1988f-words#@yan1988f#392.764#392.966
320	?	?	PUNCT	_	_	_	_	_	@yan1988f-words#@yan1988f#392.966#393.17
321	мм	мм	INTJ	_	_	_	_	_	@yavg1998m-words#@yavg1998m#109.9#110.241
322	c..	cложно	ADV	_	Degree=Pos	_	_	_	@yavg1998m-words#@yavg1998m#110.241#110.582
323	сложно	сложно	ADV	_	Degree=Pos	_	_	_	@yavg1998m-words#@yavg1998m#110.582#110.923
324	/	/	PUNCT	_	_	_	_	_	@yavg1998m-words#@yavg1998m#110.923#111.264
325	они	они	PRON	_	Case=Nom|Number=Plur|Person=3	_	_	_	@yavg1998m-words#@yavg1998m#111.264#111.605
326	однозначно	однозначно	ADV	_	Degree=Pos	_	_	_	@yavg1998m-words#@yavg1998m#111.605#111.946
327	очень	очень	ADV	_	_	_	_	_	@yavg1998m-words#@yavg1998m#111.946#112.287
328	ээ	ээ	INTJ	_	_	_	_	_	@yavg1998m-words#@yavg1998m#112.287#112.628
329	у	у	ADP	_	_	_	_	_	@yavg1998m-words#@yavg1998m#112.628#112.969
330	них	они	PRON	_	Case=Gen|Number=Plur|Person=3	_	_	_	@yavg1998m-words#@yavg1998m#112.969#113.31
331	есть	быть	VERB	_	Aspect=Imp|Mood=Ind|Number=Sing|Person=3|Tense=Pres|VerbForm=Fin|Voice=Act	_	_	_	@yavg1998m-words#@yavg1998m#113.31#113.651
332	такое	такой	DET	_	Case=Nom|Gender=Neut|Number=Sing	_	_	_	@yavg1998m-words#@yavg1998m#113.651#113.992
333	чувство	чувство	NOUN	_	Animacy=Inan|Case=Nom|Gender=Neut|Number=Sing	_	_	_	@yavg1998m-words#@yavg1998m#113.992#114.333
334	ну	ну	PART	_	_	_	_	_	@yavg1998m-words#@yavg1998m#114.333#114.674
335	не	не	PART	_	_	_	_	_	@yavg1998m-words#@yavg1998m#114.674#115.015
336	чувство	чувство	NOUN	_	Animacy=Inan|Case=Nom|Gender=Neut|Number=Sing	_	_	_	@yavg1998m-words#@yavg1998m#115.015#115.356
337	а	а	CCONJ	_	_	_	_	_	@yavg1998m-words#@yavg1998m#115.356#115.697
338	/	/	PUNCT	_	_	_	_	_	@yavg1998m-words#@yavg1998m#115.697#116.038
339	в	в	INTJ	_	_	_	_	_	@yavg1998m-words#@yavg1998m#116.038#116.379
340	/	/	PUNCT	_	_	_	_	_	@yavg1998m-words#@yavg1998m#116.379#116.72
341	такая	такой	DET	_	Case=Nom|Gender=Fem|Number=Sing	_	_	_	@yavg1998m-words#@yavg1998m#116.72#117.061
342	вещь	вещь	NOUN	_	Animacy=Inan|Case=Nom|Gender=Fem|Number=Sing	_	_	_	@yavg1998m-words#@yavg1998m#117.061#117.402
343	как	как	SCONJ	_	_	_	_	_	@yavg1998m-words#@yavg1998m#117.402#117.743
344	/	/	PUNCT	_	_	_	_	_	@yavg1998m-words#@yavg1998m#117.743#118.084
345	они	они	PRON	_	Case=Nom|Number=Plur|Person=3	_	_	_	@yavg1998m-words#@yavg1998m#118.084#118.425
346	здесь	здесь	ADV	_	Degree=Pos	_	_	_	@yavg1998m-words#@yavg1998m#118.425#118.766
347	достаточно	достаточно	ADV	_	Degree=Pos	_	_	_	@yavg1998m-words#@yavg1998m#118.766#119.107
348	редко	редко	ADV	_	Degree=Pos	_	_	_	@yavg1998m-words#@yavg1998m#119.107#119.448
349	видят	видеть	VERB	_	Aspect=Imp|Mood=Ind|Number=Plur|Person=3|Tense=Pres|VerbForm=Fin|Voice=Act	_	_	_	@yavg1998m-words#@yavg1998m#119.448#119.789
350	блогеров	блогер	NOUN	_	Animacy=Anim|Case=Acc|Gender=Masc|Number=Plur	_	_	_	@yavg1998m-words#@yavg1998m#119.789#120.13
351	если	если	SCONJ	_	_	_	_	_	@yavg1998m-words#@yavg1998m#120.13#120.471
352	к	к	ADP	_	_	_	_	_	@yavg1998m-words#@yavg1998m#120.471#120.812
353	примеру	пример	NOUN	_	Animacy=Inan|Case=Dat|Gender=Masc|Number=Sing	_	_	_	@yavg1998m-words#@yavg1998m#120.812#121.153
354	там	там	ADV	_	Degree=Pos	_	_	_	@yavg1998m-words#@yavg1998m#121.153#121.494
355	в	в	ADP	_	_	_	_	_	@yavg1998m-words#@yavg1998m#121.494#121.835
356	других	другой	ADJ	_	Case=Loc|Degree=Pos|Number=Plur	_	_	_	@yavg1998m-words#@yavg1998m#121.835#122.176
357	городах	город	NOUN	_	Animacy=Inan|Case=Loc|Gender=Masc|Number=Plur	_	_	_	@yavg1998m-words#@yavg1998m#122.176#122.517
358	где	где	SCONJ	_	_	_	_	_	@yavg1998m-words#@yavg1998m#122.517#122.858
359	намного	намного	ADV	_	_	_	_	_	@yavg1998m-words#@yavg1998m#122.858#123.199
360	больше	много	ADV	_	Degree=Cmp	_	_	_	@yavg1998m-words#@yavg1998m#123.199#123.54
361	блогеров	блогер	NOUN	_	Animacy=Inan|Case=Gen|Gender=Masc|Number=Plur	_	_	_	@yavg1998m-words#@yavg1998m#123.54#123.881
362	и	и	CCONJ	_	_	_	_	_	@yavg1998m-words#@yavg1998m#123.881#124.222
363	/	/	PUNCT	_	_	_	_	_	@yavg1998m-words#@yavg1998m#124.222#124.563
364	блогеры	блогер	NOUN	_	Animacy=Anim|Case=Nom|Gender=Masc|Number=Plur	_	_	_	@yavg1998m-words#@yavg1998m#124.563#124.904
365	это	это	PART	_	_	_	_	_	@yavg1998m-words#@yavg1998m#124.904#125.245
366	уже	уже	ADV	_	_	_	_	_	@yavg1998m-words#@yavg1998m#125.245#125.586
367	что-то	что-то	PRON	_	Case=Nom	_	_	_	@yavg1998m-words#@yavg1998m#125.586#125.927
368	такое	такой	DET	_	Case=Nom|Gender=Neut|Number=Sing	_	_	_	@yavg1998m-words#@yavg1998m#125.927#126.268
369	ну	ну	PART	_	_	_	_	_	@yavg1998m-words#@yavg1998m#126.268#126.609
370	ладно	ладно	PART	_	_	_	_	_	@yavg1998m-words#@yavg1998m#126.609#126.95
371	да	да	PART	_	_	_	_	_	@yavg1998m-words#@yavg1998m#126.95#127.291
372	окей	окей	NOUN	_	Animacy=Inan|Case=Ins|Gender=Fem|Number=Sing	_	_	_	@yavg1998m-words#@yavg1998m#127.291#127.632
373	/	/	PUNCT	_	_	_	_	_	@yavg1998m-words#@yavg1998m#127.632#127.973
374	не	не	PART	_	_	_	_	_	@yavg1998m-words#@yavg1998m#127.973#128.314
375	прям	прям	ADV	_	Degree=Pos	_	_	_	@yavg1998m-words#@yavg1998m#128.314#128.655
376	супер	супер	INTJ	_	_	_	_	_	@yavg1998m-words#@yavg1998m#128.655#128.996
377	вау	вау	INTJ	_	_	_	_	_	@yavg1998m-words#@yavg1998m#128.996#129.337
378	реакция	реакция	NOUN	_	Animacy=Inan|Case=Nom|Gender=Fem|Number=Sing	_	_	_	@yavg1998m-words#@yavg1998m#129.337#129.678
379	/	/	PUNCT	_	_	_	_	_	@yavg1998m-words#@yavg1998m#129.678#130.019
380	то	то	SCONJ	_	_	_	_	_	@yavg1998m-words#@yavg1998m#130.019#130.36
381	здесь	здесь	ADV	_	_	_	_	_	@yavg1998m-words#@yavg1998m#130.36#130.701
382	ребята	ребята	NOUN	_	Animacy=Anim|Case=Nom|Gender=Neut|Number=Plur	_	_	_	@yavg1998m-words#@yavg1998m#130.701#131.042
383	вот	вот	PART	_	_	_	_	_	@yavg1998m-words#@yavg1998m#131.042#131.383
384	постоянно	постоянно	ADV	_	Degree=Pos	_	_	_	@yavg1998m-words#@yavg1998m#131.383#131.724
385	нас	мы	PRON	_	Case=Acc|Number=Plur|Person=1	_	_	_	@yavg1998m-words#@yavg1998m#131.724#132.065
386	по	по	ADP	_	_	_	_	_	@yavg1998m-words#@yavg1998m#132.065#132.406
387	историям	история	NOUN	_	Animacy=Inan|Case=Dat|Gender=Neut|Number=Plur	_	_	_	@yavg1998m-words#@yavg1998m#132.406#132.747
388	в	в	ADP	_	_	_	_	_	@yavg1998m-words#@yavg1998m#132.747#133.088
389	инстаграме	инстаграм	PROPN	_	Animacy=Inan|Case=Loc|Gender=Masc|Number=Sing	_	_	_	@yavg1998m-words#@yavg1998m#133.088#133.429
390	вычисляли	вычислять	VERB	_	Aspect=Imp|Mood=Ind|Number=Plur|Tense=Past|VerbForm=Fin|Voice=Act	_	_	_	@yavg1998m-words#@yavg1998m#133.429#133.77
391	/	/	PUNCT	_	_	_	_	_	@yavg1998m-words#@yavg1998m#133.77#134.111
392	очень	очень	ADV	_	_	_	_	_	@yavg1998m-words#@yavg1998m#134.111#134.452
393	много	много	ADV	_	_	_	_	_	@yavg1998m-words#@yavg1998m#134.452#134.793
394	на	на	ADP	_	_	_	_	_	@yavg1998m-words#@yavg1998m#134.793#135.134
395	пляже	пляж	NOUN	_	Animacy=Inan|Case=Loc|Gender=Masc|Number=Sing	_	_	_	@yavg1998m-words#@yavg1998m#135.134#135.475
396	подходило	подходить	VERB	_	Aspect=Imp|Gender=Neut|Mood=Ind|Number=Sing|Tense=Past|VerbForm=Fin|Voice=Act	_	_	_	@yavg1998m-words#@yavg1998m#135.475#135.816
397	постоянно	постоянно	ADV	_	_	_	_	_	@yavg1998m-words#@yavg1998m#135.816#136.157
398	все	все	PRON	_	Animacy=Anim|Case=Nom|Number=Plur	_	_	_	@yavg1998m-words#@yavg1998m#136.157#136.498
399	искали	искать	VERB	_	Aspect=Imp|Mood=Ind|Number=Plur|Tense=Past|VerbForm=Fin|Voice=Act	_	_	_	@yavg1998m-words#@yavg1998m#136.498#136.839
400	находили	находить	VERB	_	Aspect=Imp|Mood=Ind|Number=Plur|Tense=Past|VerbForm=Fin|Voice=Act	_	_	_	@yavg1998m-words#@yavg1998m#136.839#137.18
401	радовались	радоваться	VERB	_	Aspect=Imp|Mood=Ind|Number=Plur|Tense=Past|VerbForm=Fin|Voice=Mid	_	_	_	@yavg1998m-words#@yavg1998m#137.18#137.521
402	ээ	ээ	INTJ	_	_	_	_	_	@yavg1998m-words#@yavg1998m#137.521#137.862
403	блин	блин	INTJ	_	_	_	_	_	@yavg1998m-words#@yavg1998m#137.862#138.203
404	ну	ну	PART	_	_	_	_	_	@yavg1998m-words#@yavg1998m#138.203#138.544
405	ну	ну	PART	_	_	_	_	_	@yavg1998m-words#@yavg1998m#138.544#138.885
406	в	в	ADP	_	_	_	_	_	@yavg1998m-words#@yavg1998m#138.885#139.226
407	целом	целый	NOUN	_	Animacy=Inan|Case=Loc|Gender=Neut|Number=Sing	_	_	_	@yavg1998m-words#@yavg1998m#139.226#139.567
408	/	/	PUNCT	_	_	_	_	_	@yavg1998m-words#@yavg1998m#139.567#139.908
409	дети	ребенок	NOUN	_	Animacy=Anim|Case=Nom|Gender=Masc|Number=Plur	_	_	_	@yavg1998m-words#@yavg1998m#139.908#140.249
410	/	/	PUNCT	_	_	_	_	_	@yavg1998m-words#@yavg1998m#140.249#140.59
411	дети	ребенок	NOUN	_	Animacy=Anim|Case=Nom|Gender=Masc|Number=Plur	_	_	_	@yavg1998m-words#@yavg1998m#140.59#140.931
412	добрые	добрый	ADJ	_	Case=Nom|Degree=Pos|Number=Plur	_	_	_	@yavg1998m-words#@yavg1998m#140.931#141.272
413	классные	классный	ADJ	_	Case=Nom|Degree=Pos|Number=Plur	_	_	_	@yavg1998m-words#@yavg1998m#141.272#141.613
414	/	/	PUNCT	_	_	_	_	_	@yavg1998m-words#@yavg1998m#141.613#141.954
415	искренние	искренний	ADJ	_	Case=Nom|Degree=Pos|Number=Plur	_	_	_	@yavg1998m-words#@yavg1998m#141.954#142.34
416	да	да	INTJ	_	_	_	_	_	@yavg1998m-words#@yavg1998m#145.17#145.37
417	ну	ну	PART	_	_	_	_	_	@yavg1998m-words#@yavg1998m#155.54#155.776
418	единственный	единственный	ADJ	_	Case=Nom|Degree=Pos|Gender=Masc|Number=Sing	_	_	_	@yavg1998m-words#@yavg1998m#155.776#156.012
419	негатив	негатив	NOUN	_	Animacy=Inan|Case=Nom|Gender=Masc|Number=Sing	_	_	_	@yavg1998m-words#@yavg1998m#156.012#156.248
420	который	который	SCONJ	_	_	_	_	_	@yavg1998m-words#@yavg1998m#156.248#156.484
421	я	я	PRON	_	Case=Nom|Number=Sing|Person=1	_	_	_	@yavg1998m-words#@yavg1998m#156.484#156.72
422	получаю	получать	VERB	_	Aspect=Imp|Mood=Ind|Number=Sing|Person=1|Tense=Pres|VerbForm=Fin|Voice=Act	_	_	_	@yavg1998m-words#@yavg1998m#156.72#156.956
423	в	в	ADP	_	_	_	_	_	@yavg1998m-words#@yavg1998m#156.956#157.192
424	свою	свой	DET	_	Case=Acc|Gender=Fem|Number=Sing	_	_	_	@yavg1998m-words#@yavg1998m#157.192#157.428
425	сторону	сторона	NOUN	_	Animacy=Inan|Case=Acc|Gender=Fem|Number=Sing	_	_	_	@yavg1998m-words#@yavg1998m#157.428#157.664
426	это	это	PART	_	_	_	_	_	@yavg1998m-words#@yavg1998m#157.664#157.9
427	наверное	наверное	ADV	_	_	_	_	_	@yavg1998m-words#@yavg1998m#157.9#158.136
428	""""	""""	PUNCT	_	_	_	_	_	@yavg1998m-words#@yavg1998m#158.136#158.372
429	Ян	Ян	PROPN	_	Animacy=Anim|Case=Nom|Gender=Masc|Number=Sing	_	_	_	@yavg1998m-words#@yavg1998m#158.372#158.608
430	/	/	PUNCT	_	_	_	_	_	@yavg1998m-words#@yavg1998m#158.608#158.844
431	когда	когда	ADV	_	Degree=Pos	_	_	_	@yavg1998m-words#@yavg1998m#158.844#159.08
432	ты	ты	PRON	_	Case=Nom|Number=Sing|Person=2	_	_	_	@yavg1998m-words#@yavg1998m#159.08#159.316
433	подстрижёшься	подстричься	VERB	_	Aspect=Perf|Mood=Ind|Number=Sing|Person=2|Tense=Fut|VerbForm=Fin|Voice=Mid	_	_	_	@yavg1998m-words#@yavg1998m#159.316#159.552
434	?	?	PUNCT	_	_	_	_	_	@yavg1998m-words#@yavg1998m#159.552#159.788
435	""""	""""	PUNCT	_	_	_	_	_	@yavg1998m-words#@yavg1998m#159.788#160.024
436	/	/	PUNCT	_	_	_	_	_	@yavg1998m-words#@yavg1998m#160.024#160.26
437	вот	вот	PART	_	_	_	_	_	@yavg1998m-words#@yavg1998m#160.26#160.496
438	это	это	PRON	_	Animacy=Inan|Case=Nom|Gender=Neut|Number=Sing	_	_	_	@yavg1998m-words#@yavg1998m#160.496#160.732
439	/	/	PUNCT	_	_	_	_	_	@yavg1998m-words#@yavg1998m#160.732#160.968
440	вот	вот	PART	_	_	_	_	_	@yavg1998m-words#@yavg1998m#160.968#161.204
441	это	этот	PRON	_	Animacy=Inan|Case=Nom|Gender=Neut|Number=Sing	_	_	_	@yavg1998m-words#@yavg1998m#161.204#161.44
442	максимум	максимум	NOUN	_	Animacy=Inan|Case=Nom|Gender=Masc|Number=Sing	_	_	_	@yavg1998m-words#@yavg1998m#161.44#161.7
443	я	я	PRON	_	Case=Nom|Number=Sing|Person=1	_	_	_	@yavg1998m-words#@yavg1998m#161.876#162.292
444	очень	очень	ADV	_	_	_	_	_	@yavg1998m-words#@yavg1998m#162.292#162.708
445	неконфликтный	неконфликтный	ADJ	_	Case=Nom|Degree=Pos|Gender=Masc|Number=Sing	_	_	_	@yavg1998m-words#@yavg1998m#162.708#163.124
446	человек	человек	NOUN	_	Animacy=Anim|Case=Nom|Gender=Masc|Number=Sing	_	_	_	@yavg1998m-words#@yavg1998m#163.124#163.54
447	аа	аа	INTJ	_	_	_	_	_	@yavg1998m-words#@yavg1998m#163.54#163.956
448	поэтому	поэтому	SCONJ	_	_	_	_	_	@yavg1998m-words#@yavg1998m#164.59#164.869
449	у	у	ADP	_	_	_	_	_	@yavg1998m-words#@yavg1998m#164.869#165.148
450	меня	я	PRON	_	Case=Gen|Number=Sing|Person=1	_	_	_	@yavg1998m-words#@yavg1998m#165.148#165.427
451	всегда	всегда	ADV	_	Degree=Pos	_	_	_	@yavg1998m-words#@yavg1998m#165.427#165.706
452	всё	все	PRON	_	Animacy=Inan|Case=Nom|Gender=Neut|Number=Sing	_	_	_	@yavg1998m-words#@yavg1998m#165.706#165.985
453	было	быть	AUX	_	Aspect=Imp|Gender=Neut|Mood=Ind|Number=Sing|Tense=Past|VerbForm=Fin|Voice=Act	_	_	_	@yavg1998m-words#@yavg1998m#165.985#166.264
454	окей	окей	INTJ	_	_	_	_	_	@yavg1998m-words#@yavg1998m#166.264#166.543
455	с	с	ADP	_	_	_	_	_	@yavg1998m-words#@yavg1998m#166.543#166.822
456	этим	этот	PRON	_	Animacy=Inan|Case=Ins|Gender=Neut|Number=Sing	_	_	_	@yavg1998m-words#@yavg1998m#166.822#167.101
457	аа	аa	INTJ	_	_	_	_	_	@yavg1998m-words#@yavg1998m#167.101#167.38
458	всегда	всегда	ADV	_	_	_	_	_	@yavg1998m-words#@yavg1998m#167.38#167.659
459	хорошо	хорошо	ADV	_	Degree=Pos	_	_	_	@yavg1998m-words#@yavg1998m#167.659#167.938
460	относился	относиться	VERB	_	Aspect=Imp|Gender=Masc|Mood=Ind|Number=Sing|Tense=Past|VerbForm=Fin|Voice=Mid	_	_	_	@yavg1998m-words#@yavg1998m#167.938#168.217
461	к	к	ADP	_	_	_	_	_	@yavg1998m-words#@yavg1998m#168.217#168.496
462	ребятам	ребята	NOUN	_	Animacy=Anim|Case=Dat|Gender=Neut|Number=Plur	_	_	_	@yavg1998m-words#@yavg1998m#168.496#168.775
463	поэтому	поэтому	SCONJ	_	_	_	_	_	@yavg1998m-words#@yavg1998m#168.775#169.054
464	всё	все	PRON	_	Animacy=Inan|Case=Nom|Gender=Neut|Number=Sing	_	_	_	@yavg1998m-words#@yavg1998m#169.054#169.333
465	было	быть	AUX	_	Aspect=Imp|Gender=Neut|Mood=Ind|Number=Sing|Tense=Past|VerbForm=Fin|Voice=Act	_	_	_	@yavg1998m-words#@yavg1998m#169.333#169.612
466	всегда	всегда	ADV	_	Degree=Pos	_	_	_	@yavg1998m-words#@yavg1998m#169.612#169.891
467	окей	окей	INTJ	_	_	_	_	_	@yavg1998m-words#@yavg1998m#169.891#170.17
468	поэтому	поэтому	SCONJ	_	_	_	_	_	@yavg1998m-words#@yavg1998m#170.951#171.101
469	абсолютно	абсолютно	ADV	_	Degree=Pos	_	_	_	@yavg1998m-words#@yavg1998m#172.711#172.861
470	абсолютно	абсолютно	ADV	_	Degree=Pos	_	_	_	@yavg1998m-words#@yavg1998m#173.24#173.51
471	всё	все	PRON	_	Animacy=Inan|Case=Nom|Gender=Neut|Number=Sing	_	_	_	@yavg1998m-words#@yavg1998m#173.51#173.78
472	равно	равный	ADJ	_	Degree=Pos|Gender=Neut|Number=Sing|Variant=Short	_	_	_	@yavg1998m-words#@yavg1998m#173.78#174.05
473	вообще	вообще	ADV	_	Degree=Pos	_	_	_	@yavg1998m-words#@yavg1998m#174.05#174.32
474	то	то	PRON	_	Animacy=Inan|Case=Nom|Gender=Neut|Number=Sing	_	_	_	@yavg1998m-words#@yavg1998m#174.38#174.682
475	есть	быть	VERB	_	Aspect=Imp|Mood=Ind|Number=Sing|Person=3|Tense=Pres|VerbForm=Fin|Voice=Act	_	_	_	@yavg1998m-words#@yavg1998m#174.682#174.984
476	/	/	PUNCT	_	_	_	_	_	@yavg1998m-words#@yavg1998m#174.984#175.286
477	ну	ну	PART	_	_	_	_	_	@yavg1998m-words#@yavg1998m#175.286#175.588
478	это	это	PRON	_	Animacy=Inan|Case=Nom|Gender=Neut|Number=Sing	_	_	_	@yavg1998m-words#@yavg1998m#175.588#175.89
479	настолько	настолько	ADV	_	Degree=Pos	_	_	_	@yavg1998m-words#@yavg1998m#175.89#176.192
480	единица	единица	NOUN	_	Animacy=Inan|Case=Nom|Gender=Fem|Number=Sing	_	_	_	@yavg1998m-words#@yavg1998m#176.192#176.494
481	на	на	ADP	_	_	_	_	_	@yavg1998m-words#@yavg1998m#176.494#176.796
482	там	там	ADV	_	Degree=Pos	_	_	_	@yavg1998m-words#@yavg1998m#176.796#177.098
483	/	/	PUNCT	_	_	_	_	_	@yavg1998m-words#@yavg1998m#177.098#177.4
484	на	на	ADP	_	_	_	_	_	@yavg1998m-words#@yavg1998m#177.4#177.702
485	сто	сто	NUM	_	Case=Acc	_	_	_	@yavg1998m-words#@yavg1998m#177.702#178.004
486	комментариев	комментарий	NOUN	_	Animacy=Inan|Case=Gen|Gender=Masc|Number=Plur	_	_	_	@yavg1998m-words#@yavg1998m#178.004#178.306
487	/	/	PUNCT	_	_	_	_	_	@yavg1998m-words#@yavg1998m#178.306#178.608
488	к	к	ADP	_	_	_	_	_	@yavg1998m-words#@yavg1998m#178.608#178.91
489	примеру	пример	NOUN	_	Animacy=Inan|Case=Dat|Gender=Masc|Number=Sing	_	_	_	@yavg1998m-words#@yavg1998m#178.91#179.212
490	аа	ао	NOUN	_	Animacy=Inan|Case=Gen|Gender=Masc|Number=Sing	_	_	_	@yavg1998m-words#@yavg1998m#179.212#179.514
491	поэтому	поэтому	ADV	_	Degree=Pos	_	_	_	@yavg1998m-words#@yavg1998m#179.514#179.816
492	/	/	PUNCT	_	_	_	_	_	@yavg1998m-words#@yavg1998m#179.816#180.118
493	ну	ну	PART	_	_	_	_	_	@yavg1998m-words#@yavg1998m#180.118#180.42
494	всё	все	PRON	_	Animacy=Inan|Case=Nom|Gender=Neut|Number=Sing	_	_	_	@yavg1998m-words#@yavg1998m#180.42#180.722
495	равно	равный	ADJ	_	Degree=Pos|Gender=Neut|Number=Sing|Variant=Short	_	_	_	@yavg1998m-words#@yavg1998m#180.722#181.024
496	/	/	PUNCT	_	_	_	_	_	@yavg1998m-words#@yavg1998m#181.024#181.326
497	это	этот	PRON	_	Animacy=Inan|Case=Nom|Gender=Neut|Number=Sing	_	_	_	@yavg1998m-words#@yavg1998m#181.326#181.628
498	личное	личный	ADJ	_	Case=Nom|Degree=Pos|Gender=Neut|Number=Sing	_	_	_	@yavg1998m-words#@yavg1998m#181.628#181.93
499	дело	дело	NOUN	_	Animacy=Inan|Case=Nom|Gender=Neut|Number=Sing	_	_	_	@yavg1998m-words#@yavg1998m#181.93#182.232
500	каждого	каждый	DET	_	Case=Gen|Gender=Masc|Number=Sing	_	_	_	@yavg1998m-words#@yavg1998m#182.232#182.534
501	/	/	PUNCT	_	_	_	_	_	@yavg1998m-words#@yavg1998m#182.534#182.836
502	чаще	часто	ADV	_	Degree=Cmp	_	_	_	@yavg1998m-words#@yavg1998m#182.836#183.138
503	всего	все	PRON	_	Animacy=Inan|Case=Gen|Gender=Neut|Number=Sing	_	_	_	@yavg1998m-words#@yavg1998m#183.138#183.44
504	это	это	PRON	_	Animacy=Inan|Case=Nom|Gender=Neut|Number=Sing	_	_	_	@yavg1998m-words#@yavg1998m#183.44#183.742
505	очень	очень	ADV	_	Degree=Pos	_	_	_	@yavg1998m-words#@yavg1998m#183.742#184.044
506	странные	странный	ADJ	_	Case=Nom|Degree=Pos|Number=Plur	_	_	_	@yavg1998m-words#@yavg1998m#184.044#184.346
507	люди	человек	NOUN	_	Animacy=Anim|Case=Nom|Gender=Masc|Number=Plur	_	_	_	@yavg1998m-words#@yavg1998m#184.346#184.648
508	или	или	CCONJ	_	_	_	_	_	@yavg1998m-words#@yavg1998m#184.648#184.95
509	которые	который	PRON	_	Case=Nom	_	_	_	@yavg1998m-words#@yavg1998m#184.95#185.252
510	очень	очень	ADV	_	Degree=Pos	_	_	_	@yavg1998m-words#@yavg1998m#185.252#185.554
511	маленькие	маленький	ADJ	_	Case=Nom|Degree=Pos|Number=Plur	_	_	_	@yavg1998m-words#@yavg1998m#185.554#185.856
512	наоборот	наоборот	ADV	_	_	_	_	_	@yavg1998m-words#@yavg1998m#185.856#186.17
513	аа	аа	INTJ	_	_	_	_	_	@yavg1998m-words#@yavg1998m#186.66#186.936
514	так	так	ADV	_	_	_	_	_	@yavg1998m-words#@yavg1998m#186.936#187.212
515	/	/	PUNCT	_	_	_	_	_	@yavg1998m-words#@yavg1998m#187.212#187.488
516	так	так	ADV	_	_	_	_	_	@yavg1998m-words#@yavg1998m#187.488#187.764
517	всё	все	DET	_	Case=Nom|Gender=Neut|Number=Sing	_	_	_	@yavg1998m-words#@yavg1998m#187.764#188.04
518	супер	супер	INTJ	_	_	_	_	_	@yavg1998m-words#@yavg1998m#188.04#188.316
519	с	с	ADP	_	_	_	_	_	@yavg1998m-words#@yavg1998m#188.316#188.592
520	ф..	фанат	PROPN	_	Animacy=Anim|Case=Ins|Gender=Masc|Number=Plur	_	_	_	@yavg1998m-words#@yavg1998m#188.592#188.868
521	фанатами	фанат	NOUN	_	Animacy=Anim|Case=Ins|Gender=Masc|Number=Plur	_	_	_	@yavg1998m-words#@yavg1998m#188.868#189.144
522	у	у	ADP	_	_	_	_	_	@yavg1998m-words#@yavg1998m#189.144#189.42
523	нас	мы	PRON	_	Case=Gen|Number=Plur|Person=1	_	_	_	@yavg1998m-words#@yavg1998m#189.42#189.696
524	всё	все	PRON	_	Degree=Pos	_	_	_	@yavg1998m-words#@yavg1998m#189.696#189.972
525	замечательно	замечательно	ADV	_	Degree=Pos	_	_	_	@yavg1998m-words#@yavg1998m#189.972#190.26
526	нет	нет	PART	_	_	_	_	_	@yavg1998m-words#@yavg1998m#195.65#195.879
527	/	/	PUNCT	_	_	_	_	_	@yavg1998m-words#@yavg1998m#195.879#196.108
528	у	у	ADP	_	_	_	_	_	@yavg1998m-words#@yavg1998m#196.108#196.337
529	меня	я	PRON	_	Case=Gen|Number=Sing|Person=1	_	_	_	@yavg1998m-words#@yavg1998m#196.337#196.566
530	такого	такой	DET	_	Case=Gen|Gender=Neut|Number=Sing	_	_	_	@yavg1998m-words#@yavg1998m#196.566#196.795
531	нет	нет	VERB	_	Aspect=Imp|Mood=Ind|Number=Sing|Person=3|Tense=Pres|VerbForm=Fin|Voice=Act	_	_	_	@yavg1998m-words#@yavg1998m#196.795#197.024
532	это	это	PRON	_	Animacy=Inan|Case=Acc|Gender=Neut|Number=Sing	_	_	_	@yavg1998m-words#@yavg1998m#197.024#197.253
533	я	я	PRON	_	Case=Nom|Number=Sing|Person=1	_	_	_	@yavg1998m-words#@yavg1998m#197.253#197.482
534	знаю	знать	VERB	_	Aspect=Imp|Mood=Ind|Number=Sing|Person=1|Tense=Pres|VerbForm=Fin|Voice=Act	_	_	_	@yavg1998m-words#@yavg1998m#197.482#197.711
535	артисты	артист	NOUN	_	Animacy=Anim|Case=Nom|Gender=Masc|Number=Plur	_	_	_	@yavg1998m-words#@yavg1998m#197.711#197.94
536	очень	очень	ADV	_	_	_	_	_	@yavg1998m-words#@yavg1998m#197.94#198.169
537	любят	любить	VERB	_	Aspect=Imp|Mood=Ind|Number=Plur|Person=3|Tense=Pres|VerbForm=Fin|Voice=Act	_	_	_	@yavg1998m-words#@yavg1998m#198.169#198.398
538	делать	делать	VERB	_	Aspect=Imp|VerbForm=Inf|Voice=Act	_	_	_	@yavg1998m-words#@yavg1998m#198.398#198.627
539	это	это	PRON	_	Animacy=Inan|Case=Acc|Gender=Neut|Number=Sing	_	_	_	@yavg1998m-words#@yavg1998m#198.627#198.856
540	выглядит	выглядеть	VERB	_	Aspect=Imp|Mood=Ind|Number=Sing|Person=3|Tense=Pres|VerbForm=Fin|Voice=Act	_	_	_	@yavg1998m-words#@yavg1998m#198.856#199.085
541	всегда	всегда	ADV	_	_	_	_	_	@yavg1998m-words#@yavg1998m#199.085#199.314
542	очень	очень	ADV	_	_	_	_	_	@yavg1998m-words#@yavg1998m#199.314#199.543
543	нелепо	нелепо	ADV	_	Degree=Pos	_	_	_	@yavg1998m-words#@yavg1998m#199.543#199.772
544	вот	вот	PART	_	_	_	_	_	@yavg1998m-words#@yavg1998m#199.772#200.001
545	эти	этот	DET	_	Case=Acc|Number=Plur	_	_	_	@yavg1998m-words#@yavg1998m#200.001#200.23
546	подписи	подпись	NOUN	_	Animacy=Inan|Case=Acc|Gender=Fem|Number=Plur	_	_	_	@yavg1998m-words#@yavg1998m#200.23#200.459
547	огромные	огромный	ADJ	_	Animacy=Inan|Case=Acc|Degree=Pos|Number=Plur	_	_	_	@yavg1998m-words#@yavg1998m#200.459#200.7
548	ээ	ээ	INTJ	_	_	_	_	_	@yavg1998m-words#@yavg1998m#201.24#201.696
549	это	это	PRON	_	Animacy=Inan|Case=Acc|Gender=Neut|Number=Sing	_	_	_	@yavg1998m-words#@yavg1998m#201.696#202.152
550	ужасно	ужасно	ADV	_	Degree=Pos	_	_	_	@yavg1998m-words#@yavg1998m#202.152#202.61
551	а	а	CCONJ	_	_	_	_	_	@yavg1998m-words#@yavg1998m#202.675#202.914
552	я	я	PRON	_	Case=Nom|Number=Sing|Person=1	_	_	_	@yavg1998m-words#@yavg1998m#202.914#203.153
553	всё	все	PRON	_	Animacy=Inan|Case=Acc|Gender=Neut|Number=Sing	_	_	_	@yavg1998m-words#@yavg1998m#203.153#203.392
554	делаю	делать	VERB	_	Aspect=Imp|Mood=Ind|Number=Sing|Person=1|Tense=Pres|VerbForm=Fin|Voice=Act	_	_	_	@yavg1998m-words#@yavg1998m#203.392#203.631
555	полностью	полностью	ADV	_	_	_	_	_	@yavg1998m-words#@yavg1998m#203.631#203.87
556	сам	сам	PRON	_	Animacy=Anim|Case=Nom|Gender=Masc|Number=Sing	_	_	_	@yavg1998m-words#@yavg1998m#203.87#204.109
557	ну	ну	PART	_	_	_	_	_	@yavg1998m-words#@yavg1998m#204.109#204.348
558	грубо	грубо	ADV	_	Degree=Pos	_	_	_	@yavg1998m-words#@yavg1998m#204.348#204.587
559	говоря	говорить	VERB	_	Aspect=Imp|Tense=Pres|VerbForm=Conv|Voice=Act	_	_	_	@yavg1998m-words#@yavg1998m#204.587#204.826
560	когда	когда	SCONJ	_	_	_	_	_	@yavg1998m-words#@yavg1998m#204.826#205.065
561	я	я	PRON	_	Case=Nom|Number=Sing|Person=1	_	_	_	@yavg1998m-words#@yavg1998m#205.065#205.304
562	выкладываю	выкладывать	VERB	_	Aspect=Imp|Mood=Ind|Number=Sing|Person=1|Tense=Pres|VerbForm=Fin|Voice=Act	_	_	_	@yavg1998m-words#@yavg1998m#205.304#205.543
563	фотографии	фотография	NOUN	_	Animacy=Inan|Case=Acc|Gender=Fem|Number=Plur	_	_	_	@yavg1998m-words#@yavg1998m#205.543#205.782
564	я	я	PRON	_	Case=Nom|Number=Sing|Person=1	_	_	_	@yavg1998m-words#@yavg1998m#205.782#206.021
565	могу	мочь	VERB	_	Aspect=Imp|Mood=Ind|Number=Sing|Person=1|Tense=Pres|VerbForm=Fin|Voice=Act	_	_	_	@yavg1998m-words#@yavg1998m#206.021#206.26
566	поотвечать	поотвечать	VERB	_	Aspect=Imp|VerbForm=Inf|Voice=Act	_	_	_	@yavg1998m-words#@yavg1998m#206.26#206.499
567	на	на	ADP	_	_	_	_	_	@yavg1998m-words#@yavg1998m#206.499#206.738
568	комментарии	комментарий	NOUN	_	Animacy=Inan|Case=Acc|Gender=Masc|Number=Plur	_	_	_	@yavg1998m-words#@yavg1998m#206.738#206.977
569	которые	который	PRON	_	Case=Acc	_	_	_	@yavg1998m-words#@yavg1998m#206.977#207.216
570	мне	я	PRON	_	Case=Dat|Number=Sing|Person=1	_	_	_	@yavg1998m-words#@yavg1998m#207.216#207.455
571	пишут	писать	VERB	_	Aspect=Imp|Mood=Ind|Number=Plur|Person=3|Tense=Pres|VerbForm=Fin|Voice=Act	_	_	_	@yavg1998m-words#@yavg1998m#207.455#207.694
572	люди	человек	NOUN	_	Animacy=Anim|Case=Nom|Gender=Masc|Number=Plur	_	_	_	@yavg1998m-words#@yavg1998m#207.694#207.933
573	новые	новый	ADJ	_	Case=Nom|Degree=Pos|Number=Plur	_	_	_	@yavg1998m-words#@yavg1998m#207.933#208.18
574	могу..	мочь	VERB	_	Aspect=Imp|Mood=Ind|Number=Sing|Person=1|Tense=Pres|VerbForm=Fin|Voice=Act	_	_	_	@yavg1998m-words#@yavg1998m#208.802#209.214
575	постоянно	постоянно	ADV	_	Degree=Pos	_	_	_	@yavg1998m-words#@yavg1998m#209.214#209.626
576	лайкаю	лайкать	VERB	_	Aspect=Imp|Mood=Ind|Number=Sing|Person=1|Tense=Pres|VerbForm=Fin|Voice=Act	_	_	_	@yavg1998m-words#@yavg1998m#209.626#210.038
577	/	/	PUNCT	_	_	_	_	_	@yavg1998m-words#@yavg1998m#210.038#210.45
578	фан-аккаунты	фан-аккаунт	NOUN	_	Animacy=Inan|Case=Nom|Gender=Masc|Number=Plur	_	_	_	@yavg1998m-words#@yavg1998m#210.45#210.862
579	к..	к..	Х	_	_	_	_	_	@yavg1998m-words#@yavg1998m#210.862#211.274
580	людей	человек	NOUN	_	Animacy=Anim|Case=Gen|Gender=Masc|Number=Plur	_	_	_	@yavg1998m-words#@yavg1998m#211.274#211.686
581	которые	который	PRON	_	Case=Nom	_	_	_	@yavg1998m-words#@yavg1998m#211.686#212.098
582	меня	я	PRON	_	Case=Nom|Number=Sing|Person=1	_	_	_	@yavg1998m-words#@yavg1998m#212.098#212.51
583	отмечают	отмечать	VERB	_	Aspect=Imp|Mood=Ind|Number=Plur|Person=3|Tense=Pres|VerbForm=Fin|Voice=Act	_	_	_	@yavg1998m-words#@yavg1998m#212.51#212.922
584	людей	человек	NOUN	_	Animacy=Anim|Case=Acc|Gender=Masc|Number=Plur	_	_	_	@yavg1998m-words#@yavg1998m#212.922#213.334
585	которые	который	PRON	_	Case=Nom	_	_	_	@yavg1998m-words#@yavg1998m#213.334#213.746
586	со	с	ADP	_	_	_	_	_	@yavg1998m-words#@yavg1998m#213.746#214.158
587	мной	я	PRON	_	Case=Ins|Number=Sing|Person=1	_	_	_	@yavg1998m-words#@yavg1998m#214.158#214.57
588	фоткаются	фоткаться	VERB	_	Aspect=Imp|Mood=Ind|Number=Plur|Person=3|Tense=Pres|VerbForm=Fin|Voice=Mid	_	_	_	@yavg1998m-words#@yavg1998m#214.57#214.99
589	ну	ну	PART	_	_	_	_	_	@yavg1998m-words#@yavg1998m#215.282#215.594
590	такая	такой	DET	_	Case=Nom|Gender=Fem|Number=Sing	_	_	_	@yavg1998m-words#@yavg1998m#215.594#215.906
591	/	/	PUNCT	_	_	_	_	_	@yavg1998m-words#@yavg1998m#215.906#216.218
592	дружная	дружный	ADJ	_	Case=Nom|Degree=Pos|Gender=Fem|Number=Sing	_	_	_	@yavg1998m-words#@yavg1998m#216.218#216.53
593	коммьюнити	коммьюнити	NOUN	_	Animacy=Inan|Case=Nom|Gender=Fem|Number=Plur	_	_	_	@yavg1998m-words#@yavg1998m#216.53#216.842
594	в	в	ADP	_	_	_	_	_	@yavg1998m-words#@yavg1998m#216.842#217.154
595	инстаграме	инстаграм	PROPN	_	Animacy=Inan|Case=Loc|Gender=Masc|Number=Sing	_	_	_	@yavg1998m-words#@yavg1998m#217.154#217.466
596	образовалась	образовываться	VERB	_	Aspect=Perf|Gender=Fem|Mood=Ind|Number=Sing|Tense=Past|VerbForm=Fin|Voice=Mid	_	_	_	@yavg1998m-words#@yavg1998m#217.466#217.778
597	где	где	SCONJ	_	_	_	_	_	@yavg1998m-words#@yavg1998m#217.778#218.09
598	мы	мы	PRON	_	Case=Nom|Number=Plur|Person=1	_	_	_	@yavg1998m-words#@yavg1998m#218.09#218.402
599	/	/	PUNCT	_	_	_	_	_	@yavg1998m-words#@yavg1998m#218.402#218.714
600	друг	друг	NOUN	_	Animacy=Anim|Case=Nom|Gender=Masc|Number=Sing	_	_	_	@yavg1998m-words#@yavg1998m#218.714#219.026
601	друга	друг	NOUN	_	Animacy=Anim|Case=Acc|Gender=Masc|Number=Sing	_	_	_	@yavg1998m-words#@yavg1998m#219.026#219.338
602	/	/	PUNCT	_	_	_	_	_	@yavg1998m-words#@yavg1998m#219.338#219.65
603	лайкаем	лайкать	VERB	_	Aspect=Imp|Mood=Ind|Number=Plur|Person=1|Tense=Pres|VerbForm=Fin|Voice=Act	_	_	_	@yavg1998m-words#@yavg1998m#219.65#219.972
604	вчера	вчера	ADV	_		_	_	_	@yavg1998m-words#@yavg1998m#226.385#226.505
605	позавчера	позавчера	ADV	_		_	_	_	@yavg1998m-words#@yavg1998m#227.17#227.53
606	ээ	ээ	INTJ	_		_	_	_	@yavg1998m-words#@yavg1998m#243.78#244.128
607	конечно	конечно	ADV	_	_	_	_	_	@yavg1998m-words#@yavg1998m#244.128#244.476
608	же	же	PART	_	_	_	_	_	@yavg1998m-words#@yavg1998m#244.476#244.824
609	Rickey	Rickey	PROPN	_	Foreign=Yes	_	_	_	@yavg1998m-words#@yavg1998m#244.824#245.172
610	F	F	PROPN	_	Foreign=Yes	_	_	_	@yavg1998m-words#@yavg1998m#245.172#245.52
611	да	да	CCONJ	_	_	_	_	_	@yavg1998m-words#@yavg1998m#245.682#245.868
612	эт..	это	PRON	_	Animacy=Inan|Case=Nom|Gender=Neut|Number=Sing	_	_	_	@yavg1998m-words#@yavg1998m#245.868#246.054
613	это	это	PRON	_	Animacy=Inan|Case=Nom|Gender=Neut|Number=Sing	_	_	_	@yavg1998m-words#@yavg1998m#246.054#246.24
614	тайна	тайна	NOUN	_	Animacy=Inan|Case=Nom|Gender=Fem|Number=Sing	_	_	_	@yavg1998m-words#@yavg1998m#246.24#246.426
615	/	/	PUNCT	_	_	_	_	_	@yavg1998m-words#@yavg1998m#246.426#246.612
616	это	это	PRON	_	Animacy=Inan|Case=Nom|Gender=Neut|Number=Sing	_	_	_	@yavg1998m-words#@yavg1998m#246.612#246.798
617	тайна	тайна	NOUN	_	Animacy=Inan|Case=Nom|Gender=Fem|Number=Sing	_	_	_	@yavg1998m-words#@yavg1998m#246.798#246.984
618	/	/	PUNCT	_	_	_	_	_	@yavg1998m-words#@yavg1998m#246.984#247.17
619	я	я	PRON	_	Case=Nom|Number=Sing|Person=1	_	_	_	@yavg1998m-words#@yavg1998m#247.17#247.356
620	сам	сам	PRON	_	Animacy=Anim|Case=Nom|Gender=Masc|Number=Sing	_	_	_	@yavg1998m-words#@yavg1998m#247.356#247.542
621	всё	все	PRON	_	Animacy=Inan|Case=Acc|Gender=Neut|Number=Sing	_	_	_	@yavg1998m-words#@yavg1998m#247.542#247.728
622	придумал	придумать	VERB	_	Aspect=Perf|Gender=Masc|Mood=Ind|Number=Sing|Tense=Past|VerbForm=Fin|Voice=Act	_	_	_	@yavg1998m-words#@yavg1998m#247.728#247.92
623	нет	нет	INTJ	_	_	_	_	_	@yavg1998m-words#@yavg1998m#248.15#248.366
624	/	/	PUNCT	_	_	_	_	_	@yavg1998m-words#@yavg1998m#248.366#248.582
625	просто	просто	PART	_	_	_	_	_	@yavg1998m-words#@yavg1998m#248.582#248.798
626	на	на	ADP	_	_	_	_	_	@yavg1998m-words#@yavg1998m#248.798#249.014
627	самом	самый	ADJ	_	Case=Loc|Degree=Pos|Gender=Neut|Number=Sing	_	_	_	@yavg1998m-words#@yavg1998m#249.014#249.23
628	деле	дело	NOUN	_	Animacy=Inan|Case=Loc|Gender=Neut|Number=Sing	_	_	_	@yavg1998m-words#@yavg1998m#249.23#249.446
629	я	я	PRON	_	Case=Nom|Number=Sing|Person=1	_	_	_	@yavg1998m-words#@yavg1998m#249.446#249.662
630	не	не	PART	_	_	_	_	_	@yavg1998m-words#@yavg1998m#249.662#249.878
631	скрываю	скрывать	VERB	_	Aspect=Imp|Mood=Ind|Number=Sing|Person=1|Tense=Pres|VerbForm=Fin|Voice=Act	_	_	_	@yavg1998m-words#@yavg1998m#249.878#250.094
632	того	то	PRON	_	Animacy=Inan|Case=Gen|Gender=Neut|Number=Sing	_	_	_	@yavg1998m-words#@yavg1998m#250.094#250.31
633	что	что	SCONJ	_	_	_	_	_	@yavg1998m-words#@yavg1998m#250.31#250.526
634	это	это	INTJ	_	_	_	_	_	@yavg1998m-words#@yavg1998m#250.526#250.742
635	не	не	PART	_	_	_	_	_	@yavg1998m-words#@yavg1998m#250.742#250.958
636	я	я	PRON	_	Case=Nom|Number=Sing|Person=1	_	_	_	@yavg1998m-words#@yavg1998m#250.958#251.174
637	писал	писать	VERB	_	Aspect=Imp|Gender=Masc|Mood=Ind|Number=Sing|Tense=Past|VerbForm=Fin|Voice=Act	_	_	_	@yavg1998m-words#@yavg1998m#251.174#251.39
638	текст	текст	NOUN	_	Animacy=Inan|Case=Acc|Gender=Masc|Number=Sing	_	_	_	@yavg1998m-words#@yavg1998m#251.39#251.606
639	а	а	CCONJ	_	_	_	_	_	@yavg1998m-words#@yavg1998m#251.606#251.822
640	/	/	PUNCT	_	_	_	_	_	@yavg1998m-words#@yavg1998m#251.822#252.038
641	вся	весь	DET	_	Case=Nom|Gender=Fem|Number=Sing	_	_	_	@yavg1998m-words#@yavg1998m#252.038#252.254
642	как	как	ADV	_	_	_	_	_	@yavg1998m-words#@yavg1998m#252.254#252.47
643	бы	бы	PART	_	_	_	_	_	@yavg1998m-words#@yavg1998m#252.47#252.686
644	суть	суть	NOUN	_	Animacy=Inan|Case=Nom|Gender=Fem|Number=Sing	_	_	_	@yavg1998m-words#@yavg1998m#252.686#252.902
645	смысл	смысл	NOUN	_	Animacy=Inan|Case=Nom|Gender=Masc|Number=Sing	_	_	_	@yavg1998m-words#@yavg1998m#252.902#253.118
646	идея	идея	NOUN	_	Animacy=Inan|Case=Nom|Gender=Fem|Number=Sing	_	_	_	@yavg1998m-words#@yavg1998m#253.118#253.334
647	всё	все	PRON	_	Animacy=Inan|Case=Nom|Gender=Neut|Number=Sing	_	_	_	@yavg1998m-words#@yavg1998m#253.334#253.55
648	исходит	исходить	VERB	_	Aspect=Imp|Mood=Ind|Number=Sing|Person=3|Tense=Pres|VerbForm=Fin|Voice=Act	_	_	_	@yavg1998m-words#@yavg1998m#253.55#253.766
649	от	от	ADP	_	_	_	_	_	@yavg1998m-words#@yavg1998m#253.766#253.982
650	меня	я	PRON	_	Case=Gen|Number=Sing|Person=1	_	_	_	@yavg1998m-words#@yavg1998m#253.982#254.216
651	писал	писать	VERB	_	Aspect=Imp|Gender=Masc|Mood=Ind|Number=Sing|Tense=Past|VerbForm=Fin|Voice=Act	_	_	_	@yavg1998m-words#@yavg1998m#254.55#254.796
652	другой	другой	ADJ	_	Case=Nom|Degree=Pos|Gender=Masc|Number=Sing	_	_	_	@yavg1998m-words#@yavg1998m#254.796#255.042
653	человек	человек	NOUN	_	Animacy=Anim|Case=Nom|Gender=Masc|Number=Sing	_	_	_	@yavg1998m-words#@yavg1998m#255.042#255.288
654	просто	просто	PART	_	_	_	_	_	@yavg1998m-words#@yavg1998m#255.288#255.534
655	этот	этот	DET	_	Case=Nom|Gender=Masc|Number=Sing	_	_	_	@yavg1998m-words#@yavg1998m#255.534#255.78
656	человек	человек	NOUN	_	Animacy=Anim|Case=Nom|Gender=Masc|Number=Sing	_	_	_	@yavg1998m-words#@yavg1998m#255.78#256.026
657	не	не	PART	_	_	_	_	_	@yavg1998m-words#@yavg1998m#256.026#256.272
658	хочет	хотеть	VERB	_	Aspect=Imp|Mood=Ind|Number=Sing|Person=3|Tense=Pres|VerbForm=Fin|Voice=Act	_	_	_	@yavg1998m-words#@yavg1998m#256.272#256.518
659	быть	быть	AUX	_	Aspect=Imp|VerbForm=Inf|Voice=Act	_	_	_	@yavg1998m-words#@yavg1998m#256.518#256.764
660	ээ	ээ	INTJ	_	_	_	_	_	@yavg1998m-words#@yavg1998m#256.764#257.01
661	объявленным	объявить	VERB	_	Aspect=Perf|Case=Ins|Gender=Neut|Number=Sing|Tense=Past|VerbForm=Part|Voice=Pass	_	_	_	@yavg1998m-words#@yavg1998m#259.19#259.518
662	что	что	SCONJ	_	_	_	_	_	@yavg1998m-words#@yavg1998m#259.518#259.846
663	он	он	PRON	_	Case=Nom|Gender=Masc|Number=Sing|Person=3	_	_	_	@yavg1998m-words#@yavg1998m#259.846#260.174
664	является	являться	VERB	_	Aspect=Imp|Mood=Ind|Number=Sing|Person=3|Tense=Pres|VerbForm=Fin|Voice=Mid	_	_	_	@yavg1998m-words#@yavg1998m#260.174#260.502
665	автором	автор	NOUN	_	Animacy=Anim|Case=Ins|Gender=Masc|Number=Sing	_	_	_	@yavg1998m-words#@yavg1998m#260.502#260.83
666	этого	этот	DET	_	Case=Gen|Gender=Masc|Number=Sing	_	_	_	@yavg1998m-words#@yavg1998m#260.83#261.158
667	текста	текст	NOUN	_	Animacy=Inan|Case=Gen|Gender=Masc|Number=Sing	_	_	_	@yavg1998m-words#@yavg1998m#261.158#261.49
668	да	да	PART	_	_	_	_	_	@yavg1998m-words#@yavg1998m#268.51#268.801
669	/	/	PUNCT	_	_	_	_	_	@yavg1998m-words#@yavg1998m#268.801#269.092
670	ну	ну	PART	_	_	_	_	_	@yavg1998m-words#@yavg1998m#269.092#269.383
671	другие	другой	ADJ	_	Case=Nom|Degree=Pos|Number=Plur	_	_	_	@yavg1998m-words#@yavg1998m#269.383#269.674
672	песни	песня	NOUN	_	Animacy=Inan|Case=Nom|Gender=Fem|Number=Plur	_	_	_	@yavg1998m-words#@yavg1998m#269.674#269.965
673	с	с	ADP	_	_	_	_	_	@yavg1998m-words#@yavg1998m#269.965#270.256
674	другим	другой	ADJ	_	Case=Ins|Degree=Pos|Gender=Masc|Number=Sing	_	_	_	@yavg1998m-words#@yavg1998m#270.256#270.547
675	человеком	человек	NOUN	_	Animacy=Anim|Case=Ins|Gender=Masc|Number=Sing	_	_	_	@yavg1998m-words#@yavg1998m#270.547#270.838
676	когда-то	когда-то	ADV	_	_	_	_	_	@yavg1998m-words#@yavg1998m#270.838#271.129
677	писали	писать	VERB	_	Aspect=Imp|Mood=Ind|Number=Plur|Tense=Past|VerbForm=Fin|Voice=Act	_	_	_	@yavg1998m-words#@yavg1998m#271.129#271.42
678	аа	аа	INTJ	_	_	_	_	_	@yavg1998m-words#@yavg1998m#271.42#271.72
679	все	все	DET	_	Case=Nom|Number=Plur	_	_	_	@yavg1998m-words#@yavg1998m#272.45#272.636
680	тексты	текст	NOUN	_	Animacy=Inan|Case=Acc|Gender=Masc|Number=Plur	_	_	_	@yavg1998m-words#@yavg1998m#272.636#272.822
681	/	/	PUNCT	_	_	_	_	_	@yavg1998m-words#@yavg1998m#272.822#273.008
682	и	и	CCONJ	_	_	_	_	_	@yavg1998m-words#@yavg1998m#273.008#273.194
683	видео	видео	NOUN	_	Animacy=Inan|Case=Acc|Gender=Masc|Number=Plur	_	_	_	@yavg1998m-words#@yavg1998m#273.194#273.38
684	ну	ну	PART	_	_	_	_	_	@yavg1998m-words#@yavg1998m#273.38#273.566
685	/	/	PUNCT	_	_	_	_	_	@yavg1998m-words#@yavg1998m#273.566#273.752
686	всё	все	PRON	_	Animacy=Inan|Case=Acc|Gender=Neut|Number=Sing	_	_	_	@yavg1998m-words#@yavg1998m#273.752#273.938
687	сам	сам	PRON	_	Animacy=Anim|Case=Nom|Gender=Masc|Number=Sing	_	_	_	@yavg1998m-words#@yavg1998m#273.938#274.124
688	для	для	ADP	_	_	_	_	_	@yavg1998m-words#@yavg1998m#274.124#274.31
689	себя	себя	PRON	_	Case=Gen	_	_	_	@yavg1998m-words#@yavg1998m#274.31#274.496
690	я	я	PRON	_	Case=Nom|Number=Sing|Person=1	_	_	_	@yavg1998m-words#@yavg1998m#274.496#274.682
691	пишу	писать	VERB	_	Aspect=Imp|Mood=Ind|Number=Sing|Person=1|Tense=Pres|VerbForm=Fin|Voice=Act	_	_	_	@yavg1998m-words#@yavg1998m#274.682#274.868
692	/	/	PUNCT	_	_	_	_	_	@yavg1998m-words#@yavg1998m#274.868#275.054
693	сам	сам	PRON	_	Animacy=Anim|Case=Nom|Gender=Masc|Number=Sing	_	_	_	@yavg1998m-words#@yavg1998m#275.054#275.24
694	да	да	PART	_	_	_	_	_	@yavg1998m-words#@yavg1998m#279.755#279.935
695	да	да	PART	_	_	_	_	_	@yavg1998m-words#@yavg1998m#282.15#282.3
696	ага	ага	PART	_	_	_	_	_	@yavg1998m-words#@yavg1998m#285.59#285.69
697	да	да	PART	_	_	_	_	_	@yavg1998m-words#@yavg1998m#287.825#287.905
698	мм	мм	INTJ	_	_	_	_	_	@yavg1998m-words#@yavg1998m#294.3#294.8
699	мм	мм	INTJ	_	_	_	_	_	@yavg1998m-words#@yavg1998m#306.6#306.8
700	ну	ну	PART	_	_	_	_	_	@yavg1998m-words#@yavg1998m#310.38#310.49
701	да	да	PART	_	_	_	_	_	@yavg1998m-words#@yavg1998m#310.49#310.6
702	ну	ну	PART	_	_	_	_	_	@yavg1998m-words#@yavg1998m#311.51#311.796
703	начнём	начать	VERB	_	Aspect=Perf|Mood=Ind|Number=Plur|Person=1|Tense=Fut|VerbForm=Fin|Voice=Act	_	_	_	@yavg1998m-words#@yavg1998m#311.796#312.082
704	с	с	ADP	_	_	_	_	_	@yavg1998m-words#@yavg1998m#312.082#312.368
705	того	то	PRON	_	Animacy=Inan|Case=Gen|Gender=Neut|Number=Sing	_	_	_	@yavg1998m-words#@yavg1998m#312.368#312.654
706	что	что	SCONJ	_	_	_	_	_	@yavg1998m-words#@yavg1998m#312.654#312.94
707	у	у	ADP	_	_	_	_	_	@yavg1998m-words#@yavg1998m#312.94#313.226
708	меня	я	PRON	_	Case=Gen|Number=Sing|Person=1	_	_	_	@yavg1998m-words#@yavg1998m#313.226#313.512
709	уже	уже	ADV	_	Degree=Pos	_	_	_	@yavg1998m-words#@yavg1998m#313.512#313.798
710	за	за	ADP	_	_	_	_	_	@yavg1998m-words#@yavg1998m#313.798#314.084
711	спиной	спина	NOUN	_	Animacy=Inan|Case=Ins|Gender=Fem|Number=Sing	_	_	_	@yavg1998m-words#@yavg1998m#314.084#314.37
712	как	как	SCONJ	_	_	_	_	_	@yavg1998m-words#@yavg1998m#314.37#314.656
713	/	/	PUNCT	_	_	_	_	_	@yavg1998m-words#@yavg1998m#314.656#314.942
714	минимум	минимум	NOUN	_	Animacy=Inan|Case=Acc|Gender=Masc|Number=Sing	_	_	_	@yavg1998m-words#@yavg1998m#314.942#315.228
715	два	два	NUM	_	Animacy=Inan|Case=Acc|Gender=Masc	_	_	_	@yavg1998m-words#@yavg1998m#315.228#315.514
716	больших	большой	ADJ	_	Case=Gen|Degree=Pos|Number=Plur	_	_	_	@yavg1998m-words#@yavg1998m#315.514#315.8
717	фильма	фильм	NOUN	_	Animacy=Inan|Case=Gen|Gender=Masc|Number=Sing	_	_	_	@yavg1998m-words#@yavg1998m#315.8#316.086
718	которые	который	PRON	_	Case=Nom	_	_	_	@yavg1998m-words#@yavg1998m#316.086#316.372
719	были	быть	AUX	_	Aspect=Imp|Mood=Ind|Number=Plur|Tense=Past|VerbForm=Fin|Voice=Act	_	_	_	@yavg1998m-words#@yavg1998m#316.372#316.658
720	в	в	ADP	_	_	_	_	_	@yavg1998m-words#@yavg1998m#316.658#316.944
721	прокате	прокат	NOUN	_	Animacy=Inan|Case=Loc|Gender=Masc|Number=Sing	_	_	_	@yavg1998m-words#@yavg1998m#316.944#317.23
722	аа	аа	INTJ	_	_	_	_	_	@yavg1998m-words#@yavg1998m#317.23#317.516
723	#смеётся#	#смеётся#	X	_	_	_	_	_	@yavg1998m-words#@yavg1998m#317.516#317.82
724	это	это	PRON	_	Animacy=Inan|Case=Nom|Gender=Neut|Number=Sing	_	_	_	@yavg1998m-words#@yavg1998m#317.9#318.177
725	""""	""""	PUNCT	_	_	_	_	_	@yavg1998m-words#@yavg1998m#318.177#318.454
726	Ёлки-5	Ёлки-5	PROPN	_	_	_	_	_	@yavg1998m-words#@yavg1998m#318.454#318.731
727	""""	""""	PUNCT	_	_	_	_	_	@yavg1998m-words#@yavg1998m#318.731#319.008
728	и	и	CCONJ	_	_	_	_	_	@yavg1998m-words#@yavg1998m#319.008#319.285
729	""""	""""	PUNCT	_	_	_	_	_	@yavg1998m-words#@yavg1998m#319.285#319.562
730	Взломать	взломать	PROPN	_	Aspect=Imp|VerbForm=Inf|Voice=Act	_	_	_	@yavg1998m-words#@yavg1998m#319.562#319.839
731	блогеров	блогер	PROPN	_	Animacy=Anim|Case=Acc|Gender=Masc|Number=Plur	_	_	_	@yavg1998m-words#@yavg1998m#319.839#320.116
732	""""	""""	PUNCT	_	_	_	_	_	@yavg1998m-words#@yavg1998m#320.116#320.393
733	аа	аа	INTJ	_	_	_	_	_	@yavg1998m-words#@yavg1998m#320.393#320.67
734	и	и	CCONJ	_	_	_	_	_	@yavg1998m-words#@yavg1998m#320.67#320.947
735	все	все	DET	_	Case=Nom|Number=Plur	_	_	_	@yavg1998m-words#@yavg1998m#320.947#321.224
736	они	они	PRON	_	Case=Nom|Number=Plur|Person=3	_	_	_	@yavg1998m-words#@yavg1998m#321.224#321.501
737	не	не	PART	_	_	_	_	_	@yavg1998m-words#@yavg1998m#321.501#321.778
738	особо	особо	ADV	_	Degree=Pos	_	_	_	@yavg1998m-words#@yavg1998m#321.778#322.055
739	мне	я	PRON	_	Case=Dat|Number=Sing|Person=1	_	_	_	@yavg1998m-words#@yavg1998m#322.055#322.332
740	нравятся	нравиться	VERB	_	Aspect=Imp|Mood=Ind|Number=Plur|Person=3|Tense=Pres|VerbForm=Fin|Voice=Mid	_	_	_	@yavg1998m-words#@yavg1998m#322.332#322.61
741	нет	нет	PART	_	_	_	_	_	@yavg1998m-words#@yavg1998m#323.3#323.657
742	/	/	PUNCT	_	_	_	_	_	@yavg1998m-words#@yavg1998m#323.657#324.014
743	мне	я	PRON	_	Case=Dat|Number=Sing|Person=1	_	_	_	@yavg1998m-words#@yavg1998m#324.014#324.371
744	не	не	PART	_	_	_	_	_	@yavg1998m-words#@yavg1998m#324.371#324.728
745	особо	особо	ADV	_	Degree=Pos	_	_	_	@yavg1998m-words#@yavg1998m#324.728#325.085
746	интересна	интересный	ADJ	_	Degree=Pos|Gender=Fem|Number=Sing|Variant=Short	_	_	_	@yavg1998m-words#@yavg1998m#325.085#325.442
747	ээ	ээ	INTJ	_	_	_	_	_	@yavg1998m-words#@yavg1998m#325.442#325.799
748	э	э	INTJ	_	_	_	_	_	@yavg1998m-words#@yavg1998m#325.799#326.156
749	роль	роль	NOUN	_	Animacy=Inan|Case=Nom|Gender=Fem|Number=Sing	_	_	_	@yavg1998m-words#@yavg1998m#326.156#326.513
750	актёра	актер	NOUN	_	Animacy=Anim|Case=Gen|Gender=Masc|Number=Sing	_	_	_	@yavg1998m-words#@yavg1998m#326.513#326.87
751	аа	аа	INTJ	_	_	_	_	_	@yavg1998m-words#@yavg1998m#326.87#327.23
752	как	как	ADV	_	_	_	_	_	@yavg1998m-words#@yavg1998m#327.6#327.866
753	бы	бы	PART	_	_	_	_	_	@yavg1998m-words#@yavg1998m#327.866#328.132
754	/	/	PUNCT	_	_	_	_	_	@yavg1998m-words#@yavg1998m#328.132#328.398
755	если	если	SCONJ	_	_	_	_	_	@yavg1998m-words#@yavg1998m#328.398#328.664
756	меня	я	PRON	_	Case=Acc|Number=Sing|Person=1	_	_	_	@yavg1998m-words#@yavg1998m#328.664#328.93
757	кто-то	кто-то	PRON	_	Case=Nom	_	_	_	@yavg1998m-words#@yavg1998m#328.93#329.196
758	пригласит	пригласить	VERB	_	Aspect=Perf|Mood=Ind|Number=Sing|Person=3|Tense=Fut|VerbForm=Fin|Voice=Act	_	_	_	@yavg1998m-words#@yavg1998m#329.196#329.462
759	и	и	CCONJ	_	_	_	_	_	@yavg1998m-words#@yavg1998m#329.462#329.728
760	будет	быть	VERB	_	Aspect=Imp|Mood=Ind|Number=Sing|Person=3|Tense=Fut|VerbForm=Fin|Voice=Act	_	_	_	@yavg1998m-words#@yavg1998m#329.728#329.994
761	что-то	что-то	PRON	_	Case=Nom	_	_	_	@yavg1998m-words#@yavg1998m#329.994#330.26
762	интересное	интересный	ADJ	_	Case=Nom|Degree=Pos|Gender=Neut|Number=Sing	_	_	_	@yavg1998m-words#@yavg1998m#330.26#330.526
763	/	/	PUNCT	_	_	_	_	_	@yavg1998m-words#@yavg1998m#330.526#330.792
764	да	да	PART	_	_	_	_	_	@yavg1998m-words#@yavg1998m#330.792#331.058
765	/	/	PUNCT	_	_	_	_	_	@yavg1998m-words#@yavg1998m#331.058#331.324
766	возможно	возможно	ADV	_	_	_	_	_	@yavg1998m-words#@yavg1998m#331.324#331.59
767	/	/	PUNCT	_	_	_	_	_	@yavg1998m-words#@yavg1998m#331.59#331.856
768	это	это	PRON	_	Animacy=Inan|Case=Acc|Gender=Neut|Number=Sing	_	_	_	@yavg1998m-words#@yavg1998m#331.856#332.122
769	можно	можно	ADV	_	_	_	_	_	@yavg1998m-words#@yavg1998m#332.122#332.388
770	будет	быть	AUX	_	Aspect=Imp|Mood=Ind|Number=Sing|Person=3|Tense=Fut|VerbForm=Fin|Voice=Act	_	_	_	@yavg1998m-words#@yavg1998m#332.388#332.654
771	рассмотреть	рассмотреть	VERB	_	Aspect=Perf|VerbForm=Inf|Voice=Act	_	_	_	@yavg1998m-words#@yavg1998m#332.654#332.92
772	/	/	PUNCT	_	_	_	_	_	@yavg1998m-words#@yavg1998m#332.92#333.186
773	но	но	CCONJ	_	_	_	_	_	@yavg1998m-words#@yavg1998m#333.186#333.452
774	в	в	ADP	_	_	_	_	_	@yavg1998m-words#@yavg1998m#333.452#333.718
775	целом	целое	NOUN	_	Animacy=Inan|Case=Loc|Gender=Neut|Number=Sing	_	_	_	@yavg1998m-words#@yavg1998m#333.718#333.984
776	все	весь	DET	_	Case=Nom|Number=Plur	_	_	_	@yavg1998m-words#@yavg1998m#333.984#334.25
777	силы	сила	NOUN	_	Animacy=Inan|Case=Nom|Gender=Fem|Number=Plur	_	_	_	@yavg1998m-words#@yavg1998m#334.25#334.516
778	направлены	направить	VERB	_	Aspect=Perf|Number=Plur|Tense=Past|Variant=Short|VerbForm=Part|Voice=Pass	_	_	_	@yavg1998m-words#@yavg1998m#334.516#334.782
779	на	на	ADP	_	_	_	_	_	@yavg1998m-words#@yavg1998m#334.782#335.048
780	развитие	развитие	NOUN	_	Animacy=Inan|Case=Acc|Gender=Neut|Number=Sing	_	_	_	@yavg1998m-words#@yavg1998m#335.048#335.314
781	самого	сам	ADJ	_	Case=Gen|Degree=Pos|Gender=Masc|Number=Sing	_	_	_	@yavg1998m-words#@yavg1998m#335.314#335.58
782	себя	себя	PRON	_	Case=Gen	_	_	_	@yavg1998m-words#@yavg1998m#335.58#335.846
783	и	и	CCONJ	_	_	_	_	_	@yavg1998m-words#@yavg1998m#335.846#336.112
784	всех	все	DET	_	Case=Gen|Number=Plur	_	_	_	@yavg1998m-words#@yavg1998m#336.112#336.378
785	своих	свой	DET	_	Case=Gen|Number=Plur	_	_	_	@yavg1998m-words#@yavg1998m#336.378#336.644
786	/	/	PUNCT	_	_	_	_	_	@yavg1998m-words#@yavg1998m#336.644#336.91
787	социальных	социальный	ADJ	_	Case=Gen|Degree=Pos|Number=Plur	_	_	_	@yavg1998m-words#@yavg1998m#336.91#337.176
788	сетей	сеть	NOUN	_	Animacy=Inan|Case=Gen|Gender=Fem|Number=Plur	_	_	_	@yavg1998m-words#@yavg1998m#337.176#337.45
789	мм	мм	INTJ	_	_	_	_	_	@yavg1998m-words#@yavg1998m#345.5#345.6
790	да	да	PART	_	_	_	_	_	@yavg1998m-words#@yavg1998m#350.38#350.709
791	ну	ну	PART	_	_	_	_	_	@yavg1998m-words#@yavg1998m#350.709#351.038
792	это	это	PRON	_	Animacy=Inan|Case=Nom|Gender=Neut|Number=Sing	_	_	_	@yavg1998m-words#@yavg1998m#351.038#351.367
793	очень	очень	ADV	_	Degree=Pos	_	_	_	@yavg1998m-words#@yavg1998m#351.367#351.696
794	просто	простой	ADJ	_	Degree=Pos|Gender=Neut|Number=Sing|Variant=Short	_	_	_	@yavg1998m-words#@yavg1998m#351.696#352.025
795	/	/	PUNCT	_	_	_	_	_	@yavg1998m-words#@yavg1998m#352.025#352.354
796	но	но	CCONJ	_	_	_	_	_	@yavg1998m-words#@yavg1998m#352.354#352.683
797	ээ	ээ	INTJ	_	_	_	_	_	@yavg1998m-words#@yavg1998m#352.683#353.012
798	в	в	ADP	_	_	_	_	_	@yavg1998m-words#@yavg1998m#353.012#353.341
799	принципе	принцип	NOUN	_	Animacy=Inan|Case=Loc|Gender=Masc|Number=Sing	_	_	_	@yavg1998m-words#@yavg1998m#353.341#353.67
800	вы	вы	PRON	_	Case=Nom|Number=Plur|Person=2	_	_	_	@yavg1998m-words#@yavg1998m#353.67#353.999
801	сами	сам	PRON	_	Case=Nom|Degree=Pos|Number=Plur	_	_	_	@yavg1998m-words#@yavg1998m#353.999#354.328
802	прекрасно	прекрасно	ADV	_	Degree=Pos	_	_	_	@yavg1998m-words#@yavg1998m#354.328#354.657
803	все	вcе	PRON	_	Animacy=Anim|Case=Nom|Number=Plur	_	_	_	@yavg1998m-words#@yavg1998m#354.657#354.986
804	п..	понимать	VERB	_	Aspect=Imp|Mood=Ind|Number=Plur|Person=3|Tense=Pres|VerbForm=Fin|Voice=Act	_	_	_	@yavg1998m-words#@yavg1998m#354.986#355.315
805	понимают	понимать	VERB	_	Aspect=Imp|Mood=Ind|Number=Plur|Person=3|Tense=Pres|VerbForm=Fin|Voice=Act	_	_	_	@yavg1998m-words#@yavg1998m#355.315#355.644
806	все	все	PRON	_	Animacy=Anim|Case=Nom|Number=Plur	_	_	_	@yavg1998m-words#@yavg1998m#355.644#355.973
807	кто	кто	PRON	_	Case=Nom	_	_	_	@yavg1998m-words#@yavg1998m#355.973#356.302
808	смотрит	смотреть	VERB	_	Aspect=Imp|Mood=Ind|Number=Sing|Person=3|Tense=Pres|VerbForm=Fin|Voice=Act	_	_	_	@yavg1998m-words#@yavg1998m#356.302#356.631
809	то	то	PRON	_	Animacy=Inan|Case=Acc|Gender=Neut|Number=Sing	_	_	_	@yavg1998m-words#@yavg1998m#356.631#356.96
810	что	что	SCONJ	_	Case=Acc	_	_	_	@yavg1998m-words#@yavg1998m#356.96#357.289
811	/	/	PUNCT	_	_	_	_	_	@yavg1998m-words#@yavg1998m#357.289#357.618
812	если	если	SCONJ	_	_	_	_	_	@yavg1998m-words#@yavg1998m#357.618#357.947
813	вы	вы	PRON	_	Case=Nom|Number=Plur|Person=2	_	_	_	@yavg1998m-words#@yavg1998m#357.947#358.276
814	смотрите	смотреть	VERB	_	Aspect=Imp|Mood=Ind|Number=Plur|Person=2|Tense=Pres|VerbForm=Fin|Voice=Act	_	_	_	@yavg1998m-words#@yavg1998m#358.276#358.605
815	видео	видео	NOUN	_	Animacy=Inan|Case=Acc|Gender=Neut|Number=Sing	_	_	_	@yavg1998m-words#@yavg1998m#358.605#358.934
816	на	на	ADP	_	_	_	_	_	@yavg1998m-words#@yavg1998m#358.934#359.263
817	ютьюбе	ютьюб	PROPN	_	Animacy=Inan|Case=Loc|Gender=Masc|Number=Sing	_	_	_	@yavg1998m-words#@yavg1998m#359.263#359.592
818	вы	вы	PRON	_	Case=Nom|Number=Plur|Person=2	_	_	_	@yavg1998m-words#@yavg1998m#359.592#359.921
819	можете	мочь	VERB	_	Aspect=Imp|Mood=Ind|Number=Plur|Person=2|Tense=Pres|VerbForm=Fin|Voice=Act	_	_	_	@yavg1998m-words#@yavg1998m#359.921#360.25
820	увидеть	видеть	VERB	_	Aspect=Perf|VerbForm=Inf|Voice=Act	_	_	_	@yavg1998m-words#@yavg1998m#360.25#360.579
821	ээ	ээ	INTJ	_	_	_	_	_	@yavg1998m-words#@yavg1998m#360.579#360.908
822	непосредственно	непосредственно	ADV	_	Degree=Pos	_	_	_	@yavg1998m-words#@yavg1998m#360.908#361.237
823	видео	видео	NOUN	_	Animacy=Inan|Case=Acc|Gender=Masc|Number=Sing	_	_	_	@yavg1998m-words#@yavg1998m#361.237#361.566
824	встроенное	встроить	VERB	_	Aspect=Perf|Case=Acc|Gender=Neut|Number=Sing|Tense=Past|VerbForm=Part|Voice=Pass	_	_	_	@yavg1998m-words#@yavg1998m#361.566#361.895
825	самим	сам	ADJ	_	Case=Ins|Degree=Pos|Gender=Masc|Number=Sing	_	_	_	@yavg1998m-words#@yavg1998m#361.895#362.224
826	ютьюбом	ютьюб	NOUN	_	Animacy=Inan|Case=Ins|Gender=Masc|Number=Sing	_	_	_	@yavg1998m-words#@yavg1998m#362.224#362.553
827	оно	оно	PRON	_	Case=Nom|Gender=Neut|Number=Sing|Person=3	_	_	_	@yavg1998m-words#@yavg1998m#362.553#362.882
828	рекламное	рекламный	ADJ	_	Case=Nom|Degree=Pos|Gender=Neut|Number=Sing	_	_	_	@yavg1998m-words#@yavg1998m#362.882#363.211
829	которое	который	PRON	_	Case=Nom	_	_	_	@yavg1998m-words#@yavg1998m#363.211#363.54
830	может	мочь	VERB	_	Aspect=Imp|Mood=Ind|Number=Sing|Person=3|Tense=Pres|VerbForm=Fin|Voice=Act	_	_	_	@yavg1998m-words#@yavg1998m#363.54#363.869
831	появиться	появиться	VERB	_	Aspect=Perf|VerbForm=Inf|Voice=Mid	_	_	_	@yavg1998m-words#@yavg1998m#363.869#364.198
832	перед	перед	ADP	_	_	_	_	_	@yavg1998m-words#@yavg1998m#364.198#364.527
833	роликом	ролик	NOUN	_	Animacy=Anim|Case=Ins|Gender=Masc|Number=Sing	_	_	_	@yavg1998m-words#@yavg1998m#364.527#364.856
834	/	/	PUNCT	_	_	_	_	_	@yavg1998m-words#@yavg1998m#364.856#365.185
835	это	это	PRON	_	Animacy=Inan|Case=Nom|Gender=Neut|Number=Sing	_	_	_	@yavg1998m-words#@yavg1998m#365.185#365.514
836	одна	один	NUM	_	Case=Nom|Degree=Pos|Gender=Fem|Number=Sing	_	_	_	@yavg1998m-words#@yavg1998m#365.514#365.843
837	часть	часть	NOUN	_	Animacy=Inan|Case=Nom|Gender=Fem|Number=Sing	_	_	_	@yavg1998m-words#@yavg1998m#365.843#366.172
838	дохода	доход	NOUN	_	Animacy=Inan|Case=Gen|Gender=Masc|Number=Sing	_	_	_	@yavg1998m-words#@yavg1998m#366.172#366.501
839	монетизация	монетизация	NOUN	_	Animacy=Inan|Case=Nom|Gender=Fem|Number=Sing	_	_	_	@yavg1998m-words#@yavg1998m#366.501#366.83
840	самого	сам	PRON	_	Case=Gen|Degree=Pos|Gender=Masc|Number=Sing	_	_	_	@yavg1998m-words#@yavg1998m#366.83#367.159
841	ютьюба	ютьюб	PROPN	_	Animacy=Anim|Case=Gen|Gender=Masc|Number=Sing	_	_	_	@yavg1998m-words#@yavg1998m#367.159#367.488
842	аа	аа	INTJ	_	_	_	_	_	@yavg1998m-words#@yavg1998m#367.488#367.817
843	самый	самый	ADJ	_	Case=Nom|Degree=Pos|Gender=Masc|Number=Sing	_	_	_	@yavg1998m-words#@yavg1998m#367.817#368.146
844	главный	главный	ADJ	_	Case=Nom|Degree=Pos|Gender=Masc|Number=Sing	_	_	_	@yavg1998m-words#@yavg1998m#368.146#368.475
845	источник	источник	NOUN	_	Animacy=Inan|Case=Nom|Gender=Masc|Number=Sing	_	_	_	@yavg1998m-words#@yavg1998m#368.475#368.804
846	дохода	доход	NOUN	_	Animacy=Inan|Case=Gen|Gender=Masc|Number=Sing	_	_	_	@yavg1998m-words#@yavg1998m#368.804#369.133
847	это	это	PART	_	_	_	_	_	@yavg1998m-words#@yavg1998m#369.133#369.462
848	продажа	продажа	NOUN	_	Animacy=Inan|Case=Nom|Gender=Fem|Number=Sing	_	_	_	@yavg1998m-words#@yavg1998m#369.462#369.791
849	непосредственно	непосредственно	ADV	_	Degree=Pos	_	_	_	@yavg1998m-words#@yavg1998m#369.791#370.12
850	прямой	прямой	ADJ	_	Case=Gen|Degree=Pos|Gender=Fem|Number=Sing	_	_	_	@yavg1998m-words#@yavg1998m#370.12#370.449
851	рекламы	реклама	NOUN	_	Animacy=Inan|Case=Gen|Gender=Fem|Number=Sing	_	_	_	@yavg1998m-words#@yavg1998m#370.449#370.778
852	ээ	ээ	INTJ	_	_	_	_	_	@yavg1998m-words#@yavg1998m#370.778#371.107
853	крупным	крупный	ADJ	_	Case=Dat|Degree=Pos|Number=Plur	_	_	_	@yavg1998m-words#@yavg1998m#371.107#371.436
854	рекламодателям	рекламодатель	NOUN	_	Animacy=Anim|Case=Dat|Gender=Masc|Number=Plur	_	_	_	@yavg1998m-words#@yavg1998m#371.436#371.765
855	из	из	ADP	_	_	_	_	_	@yavg1998m-words#@yavg1998m#371.765#372.094
856	разряда	разряд	NOUN	_	Animacy=Inan|Case=Gen|Gender=Masc|Number=Sing	_	_	_	@yavg1998m-words#@yavg1998m#372.094#372.423
857	грубо	грубо	ADV	_	Degree=Pos	_	_	_	@yavg1998m-words#@yavg1998m#372.423#372.752
858	говоря	говорить	VERB	_	Aspect=Imp|Tense=Pres|VerbForm=Conv|Voice=Act	_	_	_	@yavg1998m-words#@yavg1998m#372.752#373.081
859	там	там	ADV	_	_	_	_	_	@yavg1998m-words#@yavg1998m#373.081#373.41
860	/	/	PUNCT	_	_	_	_	_	@yavg1998m-words#@yavg1998m#373.41#373.739
861	я	я	PRON	_	Case=Nom|Number=Sing|Person=1	_	_	_	@yavg1998m-words#@yavg1998m#373.739#374.068
862	работаю	работать	VERB	_	Aspect=Imp|Mood=Ind|Number=Sing|Person=1|Tense=Pres|VerbForm=Fin|Voice=Act	_	_	_	@yavg1998m-words#@yavg1998m#374.068#374.397
863	с	с	ADP	_	_	_	_	_	@yavg1998m-words#@yavg1998m#374.397#374.726
864	Найком	Найк	PROPN	_	Animacy=Anim|Case=Ins|Gender=Masc|Number=Sing	_	_	_	@yavg1998m-words#@yavg1998m#374.726#375.055
865	к	к	ADP	_	_	_	_	_	@yavg1998m-words#@yavg1998m#375.055#375.384
866	примеру	пример	NOUN	_	Animacy=Inan|Case=Dat|Gender=Masc|Number=Sing	_	_	_	@yavg1998m-words#@yavg1998m#375.384#375.713
867	да	да	CCONJ	_	_	_	_	_	@yavg1998m-words#@yavg1998m#375.713#376.042
868	и	и	PART	_	_	_	_	_	@yavg1998m-words#@yavg1998m#376.042#376.371
869	мы	мы	PRON	_	Case=Nom|Number=Plur|Person=1	_	_	_	@yavg1998m-words#@yavg1998m#376.371#376.7
870	там	там	ADV	_	Degree=Pos	_	_	_	@yavg1998m-words#@yavg1998m#376.7#377.029
871	/	/	PUNCT	_	_	_	_	_	@yavg1998m-words#@yavg1998m#377.029#377.358
872	делаем	делать	VERB	_	Aspect=Imp|Mood=Ind|Number=Plur|Person=1|Tense=Pres|VerbForm=Fin|Voice=Act	_	_	_	@yavg1998m-words#@yavg1998m#377.358#377.687
873	какие-то	какой-то	DET	_	Case=Acc|Number=Plur	_	_	_	@yavg1998m-words#@yavg1998m#377.687#378.016
874	публикации	публикация	NOUN	_	Animacy=Inan|Case=Acc|Gender=Fem|Number=Plur	_	_	_	@yavg1998m-words#@yavg1998m#378.016#378.345
875	в	в	ADP	_	_	_	_	_	@yavg1998m-words#@yavg1998m#378.345#378.674
876	инстаграме	инстаграм	PROPN	_	Animacy=Inan|Case=Loc|Gender=Masc|Number=Sing	_	_	_	@yavg1998m-words#@yavg1998m#378.674#379.003
877	на	на	ADP	_	_	_	_	_	@yavg1998m-words#@yavg1998m#379.003#379.332
878	ютьюбе	ютьюб	PROPN	_	Animacy=Inan|Case=Loc|Gender=Masc|Number=Sing	_	_	_	@yavg1998m-words#@yavg1998m#379.332#379.661
879	и	и	CCONJ	_	_	_	_	_	@yavg1998m-words#@yavg1998m#379.661#379.99
880	прочее	прочий	ADJ	_	Case=Nom|Degree=Pos|Gender=Neut|Number=Sing	_	_	_	@yavg1998m-words#@yavg1998m#379.99#380.33
881	вот	вот	PART	_	_	_	_	_	@yavg1998m-words#@yavg1998m#380.71#381.025
882	это	это	PRON	_	Animacy=Inan|Case=Nom|Gender=Neut|Number=Sing	_	_	_	@yavg1998m-words#@yavg1998m#381.025#381.34
883	так	так	ADV	_	Degree=Pos	_	_	_	@yavg1998m-words#@yavg1998m#381.34#381.655
884	работает	работать	VERB	_	Aspect=Imp|Mood=Ind|Number=Sing|Person=3|Tense=Pres|VerbForm=Fin|Voice=Act	_	_	_	@yavg1998m-words#@yavg1998m#381.655#381.97
885	/	/	PUNCT	_	_	_	_	_	@yavg1998m-words#@yavg1998m#381.97#382.285
886	это	это	PRON	_	Animacy=Inan|Case=Nom|Gender=Neut|Number=Sing	_	_	_	@yavg1998m-words#@yavg1998m#382.285#382.6
887	второй	второй	ADJ	_	Case=Nom|Degree=Pos|Gender=Masc|Number=Sing	_	_	_	@yavg1998m-words#@yavg1998m#382.6#382.915
888	вид	вид	NOUN	_	Animacy=Inan|Case=Nom|Gender=Masc|Number=Sing	_	_	_	@yavg1998m-words#@yavg1998m#382.915#383.23
889	дохода	доход	NOUN	_	Animacy=Inan|Case=Gen|Gender=Masc|Number=Sing	_	_	_	@yavg1998m-words#@yavg1998m#383.23#383.55
890	который	который	PRON	_	Case=Nom	_	_	_	@yavg1998m-words#@yavg1998m#384.365#384.693
891	может	мочь	VERB	_	Aspect=Imp|Mood=Ind|Number=Sing|Person=3|Tense=Pres|VerbForm=Fin|Voice=Act	_	_	_	@yavg1998m-words#@yavg1998m#384.693#385.021
892	быть	быть	VERB	_	Aspect=Imp|VerbForm=Inf|Voice=Act	_	_	_	@yavg1998m-words#@yavg1998m#385.021#385.349
893	/	/	PUNCT	_	_	_	_	_	@yavg1998m-words#@yavg1998m#385.349#385.677
894	когда	когда	SCONJ	_	_	_	_	_	@yavg1998m-words#@yavg1998m#385.677#386.005
895	тебе	ты	PRON	_	Case=Dat|Number=Sing|Person=2	_	_	_	@yavg1998m-words#@yavg1998m#386.005#386.333
896	бренд	бренд	NOUN	_	Animacy=Inan|Case=Nom|Gender=Masc|Number=Sing	_	_	_	@yavg1998m-words#@yavg1998m#386.333#386.661
897	пишет	писать	VERB	_	Aspect=Imp|Mood=Ind|Number=Sing|Person=3|Tense=Pres|VerbForm=Fin|Voice=Act	_	_	_	@yavg1998m-words#@yavg1998m#386.661#386.989
898	непосредственно	непосредственно	ADV	_	Degree=Pos	_	_	_	@yavg1998m-words#@yavg1998m#386.989#387.317
899	напрямую	напрямую	ADV	_	_	_	_	_	@yavg1998m-words#@yavg1998m#387.317#387.65
900	слушайте	слушать	VERB	_	Aspect=Imp|Mood=Imp|Number=Plur|Person=2|VerbForm=Fin|Voice=Act	_	_	_	@yavg1998m-words#@yavg1998m#393.45#393.76
901	сложно	сложно	ADV	_	Degree=Pos	_	_	_	@yavg1998m-words#@yavg1998m#393.76#394.07
902	/	/	PUNCT	_	_	_	_	_	@yavg1998m-words#@yavg1998m#394.07#394.38
903	на	на	ADP	_	_	_	_	_	@yavg1998m-words#@yavg1998m#394.38#394.69
904	самом	самый	PRON	_	Case=Loc|Degree=Pos|Gender=Neut|Number=Sing	_	_	_	@yavg1998m-words#@yavg1998m#394.69#395.0
905	деле	дело	NOUN	_	Animacy=Inan|Case=Loc|Gender=Neut|Number=Sing	_	_	_	@yavg1998m-words#@yavg1998m#395.0#395.31
906	/	/	PUNCT	_	_	_	_	_	@yavg1998m-words#@yavg1998m#395.31#395.62
907	вот	вот	PART	_	_	_	_	_	@yavg1998m-words#@yavg1998m#395.62#395.93
908	/	/	PUNCT	_	_	_	_	_	@yavg1998m-words#@yavg1998m#395.93#396.24
909	я	я	PRON	_	Case=Nom|Number=Sing|Person=1	_	_	_	@yavg1998m-words#@yavg1998m#396.24#396.55
910	если	если	SCONJ	_	_	_	_	_	@yavg1998m-words#@yavg1998m#396.55#396.86
911	раньше	рано	ADV	_	Degree=Cmp	_	_	_	@yavg1998m-words#@yavg1998m#396.86#397.17
912	был	быть	AUX	_	Aspect=Imp|Gender=Masc|Mood=Ind|Number=Sing|Tense=Past|VerbForm=Fin|Voice=Act	_	_	_	@yavg1998m-words#@yavg1998m#397.17#397.48
913	прям	прям	ADV	_	Degree=Pos	_	_	_	@yavg1998m-words#@yavg1998m#397.48#397.79
914	таким	такой	DET	_	Case=Ins|Gender=Masc|Number=Sing	_	_	_	@yavg1998m-words#@yavg1998m#397.79#398.1
915	очень	очень	ADV	_	Degree=Pos	_	_	_	@yavg1998m-words#@yavg1998m#398.1#398.41
916	сильным	сильный	ADJ	_	Case=Ins|Degree=Pos|Gender=Masc|Number=Sing	_	_	_	@yavg1998m-words#@yavg1998m#398.41#398.72
917	фанатиком	фанатик	NOUN	_	Animacy=Inan|Case=Ins|Gender=Masc|Number=Sing	_	_	_	@yavg1998m-words#@yavg1998m#398.72#399.03
918	Ютьюба	Ютьюба	PROPN	_	Animacy=Inan|Case=Gen|Gender=Masc|Number=Sing	_	_	_	@yavg1998m-words#@yavg1998m#399.03#399.34
919	сейчас	сейчас	ADV	_	_	_	_	_	@yavg1998m-words#@yavg1998m#399.34#399.65
920	я	я	PRON	_	Case=Nom|Number=Sing|Person=1	_	_	_	@yavg1998m-words#@yavg1998m#399.65#399.96
921	в	в	ADP	_	_	_	_	_	@yavg1998m-words#@yavg1998m#399.96#400.27
922	принципе	принцип	NOUN	_	Animacy=Inan|Case=Loc|Gender=Masc|Number=Sing	_	_	_	@yavg1998m-words#@yavg1998m#400.27#400.58
923	тоже	тоже	PART	_	_	_	_	_	@yavg1998m-words#@yavg1998m#400.58#400.89
924	смотрю	смотреть	VERB	_	Aspect=Imp|Mood=Ind|Number=Sing|Person=1|Tense=Pres|VerbForm=Fin|Voice=Act	_	_	_	@yavg1998m-words#@yavg1998m#400.89#401.2
925	всё	все	PRON	_	Animacy=Inan|Case=Acc|Gender=Neut|Number=Sing	_	_	_	@yavg1998m-words#@yavg1998m#401.2#401.51
926	/	/	PUNCT	_	_	_	_	_	@yavg1998m-words#@yavg1998m#401.51#401.82
927	но	но	CCONJ	_	_	_	_	_	@yavg1998m-words#@yavg1998m#401.82#402.13
928	/	/	PUNCT	_	_	_	_	_	@yavg1998m-words#@yavg1998m#402.13#402.44
929	сейчас	сейчас	ADV	_	Degree=Pos	_	_	_	@yavg1998m-words#@yavg1998m#402.44#402.75
930	мне	я	PRON	_	Case=Dat|Number=Sing|Person=1	_	_	_	@yavg1998m-words#@yavg1998m#402.75#403.06
931	сложнее	сложный	ADJ	_	Degree=Cmp	_	_	_	@yavg1998m-words#@yavg1998m#403.06#403.37
932	что-то	что-то	PRON	_	Case=Acc	_	_	_	@yavg1998m-words#@yavg1998m#403.37#403.68
933	выделить	выделить	VERB	_	Aspect=Perf|VerbForm=Inf|Voice=Act	_	_	_	@yavg1998m-words#@yavg1998m#403.68#403.99
934	это	это	PRON	_	Animacy=Inan|Case=Acc|Gender=Neut|Number=Sing	_	_	_	@yavg1998m-words#@yavg1998m#403.99#404.3
935	наверное	наверное	ADV	_	_	_	_	_	@yavg1998m-words#@yavg1998m#404.3#404.61
936	из	из	ADP	_	_	_	_	_	@yavg1998m-words#@yavg1998m#404.61#404.92
937	развлекательного	развлекательный	ADJ	_	Case=Gen|Degree=Pos|Gender=Masc|Number=Sing	_	_	_	@yavg1998m-words#@yavg1998m#404.92#405.23
938	контента	контент	NOUN	_	Animacy=Inan|Case=Gen|Gender=Masc|Number=Sing	_	_	_	@yavg1998m-words#@yavg1998m#405.23#405.54
939	это	это	PRON	_	Animacy=Inan|Case=Nom|Gender=Neut|Number=Sing	_	_	_	@yavg1998m-words#@yavg1998m#405.54#405.85
940	какой-то	какой-то	DET	_	Case=Nom|Gender=Masc|Number=Sing	_	_	_	@yavg1998m-words#@yavg1998m#405.85#406.16
941	ммм	ммм	INTJ	_	_	_	_	_	@yavg1998m-words#@yavg1998m#406.16#406.47
942	""""	""""	PUNCT	_	_	_	_	_	@yavg1998m-words#@yavg1998m#406.47#406.78
943	КЛИККЛАК	КЛИККЛАК	PROPN	_	Animacy=Inan|Case=Nom|Gender=Fem|Number=Sing	_	_	_	@yavg1998m-words#@yavg1998m#406.78#407.09
944	""""	""""	PUNCT	_	_	_	_	_	@yavg1998m-words#@yavg1998m#407.09#407.4
945	если	если	SCONJ	_	_	_	_	_	@yavg1998m-words#@yavg1998m#407.4#407.71
946	это	этот	PRON	_	Animacy=Inan|Case=Nom|Gender=Neut|Number=Sing	_	_	_	@yavg1998m-words#@yavg1998m#407.71#408.02
947	интервью	интервью	NOUN	_	Animacy=Inan|Case=Dat|Gender=Neut|Number=Sing	_	_	_	@yavg1998m-words#@yavg1998m#408.02#408.33
948	то	то	DET	_	Case=Acc|Gender=Neut|Number=Sing	_	_	_	@yavg1998m-words#@yavg1998m#408.33#408.64
949	это	это	PRON	_	Animacy=Inan|Case=Nom|Gender=Neut|Number=Sing	_	_	_	@yavg1998m-words#@yavg1998m#408.64#408.95
950	однозначно	однозначно	ADV	_	Degree=Pos	_	_	_	@yavg1998m-words#@yavg1998m#408.95#409.26
951	Юра	Юра	PROPN	_	Animacy=Anim|Case=Nom|Gender=Masc|Number=Sing	_	_	_	@yavg1998m-words#@yavg1998m#409.26#409.57
952	Дудь	Дудь	PROPN	_	Animacy=Anim|Case=Nom|Gender=Masc|Number=Sing	_	_	_	@yavg1998m-words#@yavg1998m#409.57#409.88
953	/	/	PUNCT	_	_	_	_	_	@yavg1998m-words#@yavg1998m#409.88#410.19
954	а	а	CCONJ	_	_	_	_	_	@yavg1998m-words#@yavg1998m#410.19#410.5
955	если	если	SCONJ	_	_	_	_	_	@yavg1998m-words#@yavg1998m#410.5#410.81
956	это	это	PRON	_	Animacy=Inan|Case=Acc|Gender=Neut|Number=Sing	_	_	_	@yavg1998m-words#@yavg1998m#410.81#411.12
957	/	/	PUNCT	_	_	_	_	_	@yavg1998m-words#@yavg1998m#411.12#411.43
958	забыл	забыть	VERB	_	Aspect=Perf|Gender=Masc|Mood=Ind|Number=Sing|Tense=Past|VerbForm=Fin|Voice=Act	_	_	_	@yavg1998m-words#@yavg1998m#411.43#411.74
959	/	/	PUNCT	_	_	_	_	_	@yavg1998m-words#@yavg1998m#411.74#412.05
960	вот	вот	PART	_	_	_	_	_	@yavg1998m-words#@yavg1998m#412.05#412.36
961	и	и	PART	_	_	_	_	_	@yavg1998m-words#@yavg1998m#412.36#412.67
962	ещё	еще	ADV	_	_	_	_	_	@yavg1998m-words#@yavg1998m#412.67#412.98
963	очень	очень	ADV	_	_	_	_	_	@yavg1998m-words#@yavg1998m#412.98#413.29
964	классный	классный	ADJ	_	Case=Nom|Degree=Pos|Gender=Masc|Number=Sing	_	_	_	@yavg1998m-words#@yavg1998m#413.29#413.6
965	парень-блогер	парень-блогер	NOUN	_	Animacy=Anim|Case=Nom|Gender=Masc|Number=Sing	_	_	_	@yavg1998m-words#@yavg1998m#413.6#413.91
966	которого	который	PRON	_	Case=Gen	_	_	_	@yavg1998m-words#@yavg1998m#413.91#414.22
967	я	я	PRON	_	Case=Nom|Number=Sing|Person=1	_	_	_	@yavg1998m-words#@yavg1998m#414.22#414.53
968	смотрел	смотреть	VERB	_	Aspect=Imp|Gender=Masc|Mood=Ind|Number=Sing|Tense=Past|VerbForm=Fin|Voice=Act	_	_	_	@yavg1998m-words#@yavg1998m#414.53#414.84
969	из	из	ADP	_	_	_	_	_	@yavg1998m-words#@yavg1998m#414.84#415.15
970	Одессы	Одесса	PROPN	_	Animacy=Anim|Case=Gen|Gender=Masc|Number=Sing	_	_	_	@yavg1998m-words#@yavg1998m#415.15#415.46
971	тоже	тоже	PART	_	_	_	_	_	@yavg1998m-words#@yavg1998m#415.46#415.77
972	""""	""""	PUNCT	_	_	_	_	_	@yavg1998m-words#@yavg1998m#415.77#416.08
973	itpedia	itpedia	PROPN	_	Foreign=Yes	_	_	_	@yavg1998m-words#@yavg1998m#416.08#416.39
974	""""	""""	PUNCT	_	_	_	_	_	@yavg1998m-words#@yavg1998m#416.39#416.7
975	Лёша	Лёша	PROPN	_	Animacy=Anim|Case=Nom|Gender=Masc|Number=Sing	_	_	_	@yavg1998m-words#@yavg1998m#416.7#417.01
976	Шевцов	Шевцов	PROPN	_	Animacy=Anim|Case=Nom|Gender=Masc|Number=Sing	_	_	_	@yavg1998m-words#@yavg1998m#417.01#417.32
977	/	/	PUNCT	_	_	_	_	_	@yavg1998m-words#@yavg1998m#417.32#417.63
978	очень	очень	ADV	_	_	_	_	_	@yavg1998m-words#@yavg1998m#417.63#417.94
979	классный	классный	ADJ	_	Case=Nom|Degree=Pos|Gender=Masc|Number=Sing	_	_	_	@yavg1998m-words#@yavg1998m#417.94#418.25
980	чувачок	чувачок	NOUN	_	Animacy=Inan|Case=Nom|Gender=Masc|Number=Sing	_	_	_	@yavg1998m-words#@yavg1998m#418.25#418.56
981	/	/	PUNCT	_	_	_	_	_	@yavg1998m-words#@yavg1998m#418.56#418.87
982	очень	очень	ADV	_	_	_	_	_	@yavg1998m-words#@yavg1998m#418.87#419.18
983	интересно	интересно	ADV	_	Degree=Pos	_	_	_	@yavg1998m-words#@yavg1998m#419.18#419.49
984	его	он	PRON	_	Case=Acc|Gender=Masc|Number=Sing|Person=3	_	_	_	@yavg1998m-words#@yavg1998m#419.49#419.8
985	смотреть	смотреть	VERB	_	Aspect=Imp|VerbForm=Inf|Voice=Act	_	_	_	@yavg1998m-words#@yavg1998m#419.8#420.11
986	аа..	аа	INTJ	_	_	_	_	_	@yavg1998m-words#@yavg1998m#420.11#420.5
